time,nb_sleeping,nb_switching_on,nb_switching_off,nb_idle,nb_computing
5.0012,0,0,0,510,2
5.0018,0,0,0,509,3
5.0024,0,0,0,505,7
5.003,0,0,0,503,9
5.0036,0,0,0,500,12
5.0042,0,0,0,498,14
5.0048,0,0,0,497,15
5.0054,0,0,0,494,18
5.006,0,0,0,491,21
5.0066,0,0,0,490,22
5.0068,0,0,0,491,21
5.0072,0,0,0,489,23
5.0094,0,0,0,486,26
5.01,0,0,0,485,27
5.0106,0,0,0,483,29
5.0112,0,0,0,481,31
5.0118,0,0,0,478,34
5.0124,0,0,0,476,36
5.013,0,0,0,472,40
5.0136,0,0,0,470,42
5.0142,0,0,0,467,45
5.0148,0,0,0,468,44
5.0148,0,0,0,465,47
5.017,0,0,0,463,49
5.0176,0,0,0,459,53
5.01799,0,0,0,461,51
5.0182,0,0,0,459,53
5.02,0,0,0,460,52
5.0219,0,0,0,462,50
5.02382,0,0,0,464,48
5.03002,0,0,0,467,45
5.03102,0,0,0,470,42
5.03972,0,0,0,473,39
5.04232,0,0,0,476,36
5.04551,0,0,0,478,34
5.04731,0,0,0,480,32
5.05791,0,0,0,482,30
5.06062,0,0,0,484,28
5.09595,0,0,0,487,25
5.10599,0,0,0,490,22
5.15189,0,0,0,494,18
6.0018,0,0,0,491,21
6.0024,0,0,0,490,22
6.003,0,0,0,486,26
6.0036,0,0,0,482,30
6.0042,0,0,0,480,32
6.0048,0,0,0,478,34
6.0054,0,0,0,474,38
6.006,0,0,0,472,40
6.0066,0,0,0,470,42
6.0072,0,0,0,467,45
6.0078,0,0,0,464,48
6.0084,0,0,0,463,49
6.009,0,0,0,461,51
6.0096,0,0,0,459,53
6.0102,0,0,0,458,54
6.0108,0,0,0,455,57
6.0114,0,0,0,451,61
6.012,0,0,0,449,63
6.0126,0,0,0,448,64
6.0132,0,0,0,446,66
6.0152,0,0,0,447,65
6.0166,0,0,0,449,63
6.0176,0,0,0,450,62
6.0184,0,0,0,451,61
6.0196,0,0,0,453,59
6.0226,0,0,0,455,57
6.04618,0,0,0,457,55
6.04798,0,0,0,459,53
6.0523,0,0,0,463,49
6.05452,0,0,0,465,47
6.09682,0,0,0,468,44
6.09742,0,0,0,471,41
6.14095,0,0,0,475,37
6.14335,0,0,0,479,33
7.0018,0,0,0,476,36
7.0024,0,0,0,473,39
7.003,0,0,0,469,43
7.0036,0,0,0,467,45
7.0042,0,0,0,465,47
7.0048,0,0,0,464,48
7.0054,0,0,0,460,52
7.006,0,0,0,459,53
7.0066,0,0,0,458,54
7.0072,0,0,0,457,55
7.0078,0,0,0,455,57
7.0084,0,0,0,452,60
7.009,0,0,0,449,63
7.0096,0,0,0,446,66
7.0098,0,0,0,447,65
7.0102,0,0,0,443,69
7.0116,0,0,0,444,68
7.0122,0,0,0,445,67
7.0124,0,0,0,442,70
7.016,0,0,0,443,69
7.0162,0,0,0,442,70
7.0184,0,0,0,441,71
7.019,0,0,0,438,74
7.0196,0,0,0,434,78
7.0202,0,0,0,432,80
7.0208,0,0,0,428,84
7.0214,0,0,0,425,87
7.022,0,0,0,421,91
7.02228,0,0,0,424,88
7.0226,0,0,0,421,91
7.0248,0,0,0,418,94
7.0262,0,0,0,419,93
7.0284,0,0,0,420,92
7.0308,0,0,0,422,90
7.03295,0,0,0,425,87
7.046,0,0,0,429,83
7.04843,0,0,0,432,80
7.05028,0,0,0,434,78
7.09548,0,0,0,437,75
7.10268,0,0,0,440,72
7.10322,0,0,0,443,69
7.15736,0,0,0,447,65
7.167,0,0,0,451,61
7.16757,0,0,0,455,57
8.0018,0,0,0,453,59
8.0024,0,0,0,450,62
8.003,0,0,0,446,66
8.0036,0,0,0,445,67
8.0042,0,0,0,443,69
8.0048,0,0,0,441,71
8.0054,0,0,0,438,74
8.006,0,0,0,437,75
8.0066,0,0,0,433,79
8.0072,0,0,0,432,80
8.0078,0,0,0,430,82
8.0084,0,0,0,427,85
8.009,0,0,0,424,88
8.0096,0,0,0,422,90
8.0102,0,0,0,420,92
8.0108,0,0,0,417,95
8.0114,0,0,0,413,99
8.012,0,0,0,409,103
8.0126,0,0,0,408,104
8.0132,0,0,0,405,107
8.0138,0,0,0,401,111
8.0144,0,0,0,397,115
8.0148,0,0,0,399,113
8.015,0,0,0,397,115
8.016,0,0,0,398,114
8.0172,0,0,0,396,116
8.0176,0,0,0,397,115
8.0184,0,0,0,399,113
8.0194,0,0,0,395,117
8.0208,0,0,0,397,115
8.0232,0,0,0,396,116
8.02375,0,0,0,399,113
8.0282,0,0,0,400,112
8.03629,0,0,0,403,109
8.04341,0,0,0,405,107
8.04391,0,0,0,409,103
8.05645,0,0,0,411,101
8.05849,0,0,0,413,99
8.09999,0,0,0,416,96
8.14455,0,0,0,420,92
8.14867,0,0,0,424,88
8.15241,0,0,0,428,84
9.0018,0,0,0,426,86
9.0024,0,0,0,424,88
9.003,0,0,0,422,90
9.0036,0,0,0,419,93
9.0042,0,0,0,417,95
9.0048,0,0,0,413,99
9.0054,0,0,0,412,100
9.006,0,0,0,411,101
9.0066,0,0,0,407,105
9.0072,0,0,0,403,109
9.0078,0,0,0,401,111
9.0084,0,0,0,398,114
9.009,0,0,0,396,116
9.0096,0,0,0,394,118
9.0102,0,0,0,393,119
9.0108,0,0,0,392,120
9.011,0,0,0,393,119
9.0114,0,0,0,389,123
9.0124,0,0,0,391,121
9.013,0,0,0,393,119
9.0136,0,0,0,392,120
9.0174,0,0,0,388,124
9.018,0,0,0,387,125
9.0184,0,0,0,389,123
9.0186,0,0,0,388,124
9.0196,0,0,0,390,122
9.0202,0,0,0,393,119
9.0208,0,0,0,394,118
9.0208,0,0,0,390,122
9.023,0,0,0,391,121
9.0236,0,0,0,392,120
9.0262,0,0,0,391,121
9.0286,0,0,0,392,120
9.03,0,0,0,391,121
9.0322,0,0,0,390,122
9.035,0,0,0,391,121
9.0362,0,0,0,392,120
9.042,0,0,0,396,116
9.0422,0,0,0,397,115
9.0448,0,0,0,399,113
9.1278,0,0,0,403,109
9.1414,0,0,0,407,105
10.0018,0,0,0,406,106
10.0024,0,0,0,402,110
10.003,0,0,0,398,114
10.0036,0,0,0,396,116
10.0042,0,0,0,393,119
10.0048,0,0,0,389,123
10.0054,0,0,0,388,124
10.006,0,0,0,385,127
10.0066,0,0,0,383,129
10.0072,0,0,0,381,131
10.0078,0,0,0,380,132
10.0084,0,0,0,378,134
10.009,0,0,0,377,135
10.0096,0,0,0,375,137
10.0102,0,0,0,372,140
10.0104,0,0,0,373,139
10.0108,0,0,0,371,141
10.0118,0,0,0,372,140
10.013,0,0,0,370,142
10.014,0,0,0,371,141
10.0142,0,0,0,373,139
10.0152,0,0,0,371,141
10.0178,0,0,0,373,139
10.019,0,0,0,369,143
10.0212,0,0,0,368,144
10.0218,0,0,0,365,147
10.0224,0,0,0,361,151
10.023,0,0,0,359,153
10.0236,0,0,0,361,151
10.0236,0,0,0,359,153
10.0258,0,0,0,361,151
10.0258,0,0,0,357,155
10.0336,0,0,0,359,153
10.0439,0,0,0,363,149
10.0468,0,0,0,367,145
10.0482,0,0,0,369,143
10.05,0,0,0,371,141
10.0512,0,0,0,373,139
10.0524,0,0,0,375,137
10.102,0,0,0,378,134
10.1552,0,0,0,382,130
10.1568,0,0,0,386,126
11.0018,0,0,0,384,128
11.0024,0,0,0,382,130
11.003,0,0,0,381,131
11.0036,0,0,0,378,134
11.0042,0,0,0,377,135
11.0048,0,0,0,373,139
11.0054,0,0,0,372,140
11.006,0,0,0,371,141
11.0066,0,0,0,368,144
11.0072,0,0,0,366,146
11.0078,0,0,0,364,148
11.008,0,0,0,365,147
11.0084,0,0,0,361,151
11.0092,0,0,0,362,150
11.0104,0,0,0,363,149
11.0106,0,0,0,360,152
11.0144,0,0,0,357,155
11.015,0,0,0,353,159
11.0156,0,0,0,351,161
11.0162,0,0,0,348,164
11.0168,0,0,0,345,167
11.0174,0,0,0,343,169
11.0178,0,0,0,345,167
11.018,0,0,0,343,169
11.0221,0,0,0,346,166
11.028,0,0,0,348,164
11.0405,0,0,0,352,160
11.0427,0,0,0,354,158
11.0451,0,0,0,358,154
11.0517,0,0,0,362,150
11.0589,0,0,0,364,148
11.0939,0,0,0,367,145
11.1034,0,0,0,370,142
11.1039,0,0,0,373,139
12.0018,0,0,0,372,140
12.0024,0,0,0,368,144
12.003,0,0,0,364,148
12.0036,0,0,0,360,152
12.0042,0,0,0,358,154
12.0048,0,0,0,354,158
12.0054,0,0,0,352,160
12.006,0,0,0,350,162
12.0066,0,0,0,347,165
12.0072,0,0,0,345,167
12.0078,0,0,0,344,168
12.0084,0,0,0,343,169
12.009,0,0,0,340,172
12.0096,0,0,0,338,174
12.0102,0,0,0,334,178
12.0108,0,0,0,333,179
12.0114,0,0,0,332,180
12.012,0,0,0,330,182
12.0126,0,0,0,329,183
12.0134,0,0,0,330,182
12.0158,0,0,0,331,181
12.0166,0,0,0,333,179
12.0178,0,0,0,335,177
12.0226,0,0,0,336,176
12.0236,0,0,0,339,173
12.046,0,0,0,341,171
12.0526,0,0,0,343,169
12.09,0,0,0,346,166
12.1273,0,0,0,350,162
12.1327,0,0,0,354,158
13.0018,0,0,0,350,162
13.0024,0,0,0,348,164
13.003,0,0,0,346,166
13.0036,0,0,0,343,169
13.0042,0,0,0,342,170
13.0048,0,0,0,338,174
13.0054,0,0,0,334,178
13.006,0,0,0,330,182
13.0066,0,0,0,326,186
13.0072,0,0,0,325,187
13.0078,0,0,0,324,188
13.0084,0,0,0,320,192
13.009,0,0,0,318,194
13.0096,0,0,0,315,197
13.0102,0,0,0,311,201
13.0108,0,0,0,307,205
13.0114,0,0,0,306,206
13.012,0,0,0,304,208
13.0126,0,0,0,303,209
13.0132,0,0,0,300,212
13.0137,0,0,0,302,210
13.0138,0,0,0,298,214
13.016,0,0,0,296,216
13.0166,0,0,0,292,220
13.0172,0,0,0,293,219
13.0172,0,0,0,289,223
13.0176,0,0,0,290,222
13.0194,0,0,0,288,224
13.0202,0,0,0,290,222
13.0214,0,0,0,291,221
13.0216,0,0,0,287,225
13.031,0,0,0,290,222
13.0467,0,0,0,293,219
13.0537,0,0,0,295,217
13.0556,0,0,0,299,213
13.0632,0,0,0,301,211
13.069,0,0,0,305,207
13.0757,0,0,0,309,203
13.1175,0,0,0,312,200
13.18,0,0,0,316,196
13.1806,0,0,0,320,192
13.1812,0,0,0,324,188
13.1843,0,0,0,328,184
13.1868,0,0,0,332,180
14.0018,0,0,0,330,182
14.0024,0,0,0,326,186
14.003,0,0,0,324,188
14.0036,0,0,0,320,192
14.0042,0,0,0,317,195
14.0048,0,0,0,313,199
14.0054,0,0,0,312,200
14.006,0,0,0,309,203
14.0066,0,0,0,308,204
14.0072,0,0,0,304,208
14.0078,0,0,0,300,212
14.0084,0,0,0,296,216
14.009,0,0,0,294,218
14.0096,0,0,0,293,219
14.0102,0,0,0,291,221
14.0108,0,0,0,290,222
14.0114,0,0,0,289,223
14.012,0,0,0,285,227
14.0126,0,0,0,283,229
14.0132,0,0,0,282,230
14.0166,0,0,0,283,229
14.0435,0,0,0,287,225
14.0508,0,0,0,289,223
14.0516,0,0,0,293,219
14.0523,0,0,0,297,215
14.0532,0,0,0,299,213
14.097,0,0,0,302,210
14.1453,0,0,0,306,206
14.1489,0,0,0,310,202
14.1515,0,0,0,314,198
15.0018,0,0,0,312,200
15.0024,0,0,0,308,204
15.003,0,0,0,305,207
15.0036,0,0,0,301,211
15.0042,0,0,0,298,214
15.0048,0,0,0,294,218
15.0054,0,0,0,292,220
15.006,0,0,0,291,221
15.0066,0,0,0,289,223
15.0072,0,0,0,286,226
15.0078,0,0,0,284,228
15.0084,0,0,0,281,231
15.009,0,0,0,280,232
15.0096,0,0,0,276,236
15.0102,0,0,0,275,237
15.0108,0,0,0,272,240
15.0114,0,0,0,271,241
15.012,0,0,0,268,244
15.0124,0,0,0,270,242
15.0126,0,0,0,269,243
15.0148,0,0,0,266,246
15.0154,0,0,0,263,249
15.016,0,0,0,265,247
15.016,0,0,0,262,250
15.0182,0,0,0,259,253
15.0184,0,0,0,261,251
15.0188,0,0,0,260,252
15.0202,0,0,0,261,251
15.021,0,0,0,260,252
15.0214,0,0,0,261,251
15.0226,0,0,0,262,250
15.0232,0,0,0,261,251
15.027,0,0,0,257,255
15.0276,0,0,0,253,259
15.0282,0,0,0,249,263
15.0288,0,0,0,250,262
15.031,0,0,0,253,259
15.04,0,0,0,256,256
15.0405,0,0,0,259,253
15.0474,0,0,0,263,249
15.0479,0,0,0,265,247
15.0518,0,0,0,269,243
15.1001,0,0,0,272,240
15.1021,0,0,0,275,237
15.141,0,0,0,279,233
15.1566,0,0,0,283,229
16.0018,0,0,0,280,232
16.0024,0,0,0,277,235
16.003,0,0,0,273,239
16.0036,0,0,0,269,243
16.0042,0,0,0,271,241
16.0042,0,0,0,269,243
16.0064,0,0,0,265,247
16.007,0,0,0,261,251
16.0076,0,0,0,257,255
16.0082,0,0,0,255,257
16.0088,0,0,0,254,258
16.0094,0,0,0,250,262
16.01,0,0,0,247,265
16.0106,0,0,0,244,268
16.0112,0,0,0,241,271
16.0118,0,0,0,238,274
16.0124,0,0,0,234,278
16.013,0,0,0,233,279
16.0136,0,0,0,230,282
16.0138,0,0,0,231,281
16.0142,0,0,0,228,284
16.0164,0,0,0,225,287
16.017,0,0,0,223,289
16.0176,0,0,0,220,292
16.0182,0,0,0,218,294
16.0209,0,0,0,221,291
16.0219,0,0,0,224,288
16.0351,0,0,0,227,285
16.0485,0,0,0,231,281
16.0582,0,0,0,233,279
16.0593,0,0,0,235,277
16.105,0,0,0,238,274
16.1071,0,0,0,241,271
16.1442,0,0,0,245,267
16.1482,0,0,0,249,263
16.1527,0,0,0,253,259
17.0018,0,0,0,251,261
17.0024,0,0,0,247,265
17.003,0,0,0,243,269
17.0036,0,0,0,241,271
17.0042,0,0,0,237,275
17.0048,0,0,0,234,278
17.0054,0,0,0,232,280
17.006,0,0,0,228,284
17.0066,0,0,0,224,288
17.0072,0,0,0,221,291
17.0078,0,0,0,218,294
17.0084,0,0,0,215,297
17.009,0,0,0,213,299
17.0096,0,0,0,210,302
17.0102,0,0,0,206,306
17.0108,0,0,0,204,308
17.0114,0,0,0,203,309
17.012,0,0,0,200,312
17.0126,0,0,0,199,313
17.0132,0,0,0,196,316
17.0138,0,0,0,194,318
17.0143,0,0,0,196,316
17.0144,0,0,0,192,320
17.0166,0,0,0,190,322
17.0172,0,0,0,188,324
17.0178,0,0,0,186,326
17.0214,0,0,0,187,325
17.0226,0,0,0,188,324
17.0365,0,0,0,191,321
17.0428,0,0,0,194,318
17.0453,0,0,0,197,315
17.0553,0,0,0,199,313
17.0593,0,0,0,201,311
17.0646,0,0,0,203,309
17.0689,0,0,0,205,307
17.1244,0,0,0,208,304
17.1275,0,0,0,211,301
17.1281,0,0,0,214,298
17.1812,0,0,0,218,294
17.1824,0,0,0,222,290
17.1848,0,0,0,226,286
17.1885,0,0,0,230,282
18.0018,0,0,0,226,286
18.0024,0,0,0,222,290
18.003,0,0,0,220,292
18.0036,0,0,0,216,296
18.0042,0,0,0,212,300
18.0048,0,0,0,211,301
18.0054,0,0,0,208,304
18.006,0,0,0,204,308
18.0066,0,0,0,201,311
18.0072,0,0,0,200,312
18.0078,0,0,0,197,315
18.0084,0,0,0,194,318
18.009,0,0,0,191,321
18.0096,0,0,0,189,323
18.0102,0,0,0,185,327
18.0108,0,0,0,182,330
18.0114,0,0,0,178,334
18.012,0,0,0,177,335
18.0126,0,0,0,176,336
18.0132,0,0,0,174,338
18.0136,0,0,0,176,336
18.0172,0,0,0,177,335
18.0202,0,0,0,179,333
18.022,0,0,0,180,332
18.0305,0,0,0,183,329
18.1024,0,0,0,186,326
18.1054,0,0,0,189,323
18.1059,0,0,0,192,320
18.1589,0,0,0,196,316
18.1607,0,0,0,200,312
18.1613,0,0,0,204,308
18.1665,0,0,0,208,304
19.0018,0,0,0,206,306
19.0024,0,0,0,205,307
19.003,0,0,0,201,311
19.0036,0,0,0,197,315
19.0042,0,0,0,194,318
19.0048,0,0,0,193,319
19.0054,0,0,0,189,323
19.006,0,0,0,188,324
19.0066,0,0,0,184,328
19.0072,0,0,0,182,330
19.0074,0,0,0,183,329
19.0078,0,0,0,182,330
19.01,0,0,0,178,334
19.0106,0,0,0,177,335
19.0112,0,0,0,175,337
19.0118,0,0,0,174,338
19.0124,0,0,0,176,336
19.0124,0,0,0,172,340
19.0146,0,0,0,170,342
19.0148,0,0,0,171,341
19.0156,0,0,0,172,340
19.016,0,0,0,173,339
19.0168,0,0,0,174,338
19.0178,0,0,0,176,336
19.0218,0,0,0,178,334
19.0382,0,0,0,182,330
19.085,0,0,0,185,327
19.1272,0,0,0,189,323
19.1278,0,0,0,193,319
19.1296,0,0,0,197,315
20.0018,0,0,0,200,312
20.0018,0,0,0,197,315
20.004,0,0,0,194,318
20.0046,0,0,0,192,320
20.0052,0,0,0,188,324
20.0058,0,0,0,187,325
20.0064,0,0,0,184,328
20.007,0,0,0,182,330
20.0076,0,0,0,180,332
20.0082,0,0,0,178,334
20.0088,0,0,0,175,337
20.0094,0,0,0,174,338
20.01,0,0,0,170,342
20.0106,0,0,0,169,343
20.0112,0,0,0,168,344
20.0118,0,0,0,167,345
20.0124,0,0,0,165,347
20.013,0,0,0,164,348
20.0136,0,0,0,163,349
20.0142,0,0,0,162,350
20.0144,0,0,0,163,349
20.0148,0,0,0,161,351
20.0158,0,0,0,162,350
20.0168,0,0,0,163,349
20.017,0,0,0,161,351
20.0176,0,0,0,163,349
20.018,0,0,0,164,348
20.0188,0,0,0,166,346
20.0206,0,0,0,167,345
20.0208,0,0,0,166,346
20.0212,0,0,0,167,345
20.023,0,0,0,169,343
20.0242,0,0,0,170,342
20.0258,0,0,0,171,341
20.0278,0,0,0,170,342
20.0328,0,0,0,171,341
20.0346,0,0,0,175,337
20.0348,0,0,0,174,338
20.0386,0,0,0,171,341
20.0392,0,0,0,167,345
20.0398,0,0,0,166,346
20.0404,0,0,0,163,349
20.0448,0,0,0,164,348
20.0452,0,0,0,166,346
20.0482,0,0,0,168,344
20.0565,0,0,0,171,341
20.0583,0,0,0,174,338
20.0854,0,0,0,177,335
20.0876,0,0,0,180,332
20.09,0,0,0,183,329
20.165,0,0,0,187,325
21.0018,0,0,0,185,327
21.0024,0,0,0,182,330
21.003,0,0,0,181,331
21.0036,0,0,0,179,333
21.0042,0,0,0,176,336
21.0048,0,0,0,172,340
21.0054,0,0,0,170,342
21.006,0,0,0,168,344
21.0066,0,0,0,164,348
21.0072,0,0,0,160,352
21.0078,0,0,0,158,354
21.008,0,0,0,159,353
21.0084,0,0,0,158,354
21.0106,0,0,0,157,355
21.0112,0,0,0,154,358
21.0118,0,0,0,151,361
21.0124,0,0,0,148,364
21.013,0,0,0,144,368
21.0134,0,0,0,145,367
21.0136,0,0,0,144,368
21.0158,0,0,0,140,372
21.016,0,0,0,142,370
21.0164,0,0,0,141,371
21.0186,0,0,0,140,372
21.0192,0,0,0,138,374
21.0198,0,0,0,135,377
21.0204,0,0,0,134,378
21.021,0,0,0,130,382
21.0216,0,0,0,126,386
21.0222,0,0,0,125,387
21.0236,0,0,0,126,386
21.0263,0,0,0,129,383
21.0301,0,0,0,131,381
21.0304,0,0,0,132,380
21.0383,0,0,0,135,377
21.0398,0,0,0,138,374
21.0495,0,0,0,142,370
21.0495,0,0,0,144,368
21.0513,0,0,0,146,366
21.0516,0,0,0,150,362
21.058,0,0,0,154,358
21.0604,0,0,0,158,354
21.1109,0,0,0,161,351
21.1482,0,0,0,165,347
22.0018,0,0,0,163,349
22.0024,0,0,0,160,352
22.003,0,0,0,156,356
22.0036,0,0,0,153,359
22.0042,0,0,0,150,362
22.0048,0,0,0,149,363
22.0054,0,0,0,145,367
22.006,0,0,0,144,368
22.0066,0,0,0,143,369
22.0072,0,0,0,144,368
22.0072,0,0,0,143,369
22.0094,0,0,0,140,372
22.0098,0,0,0,141,371
22.01,0,0,0,139,373
22.0122,0,0,0,137,375
22.0128,0,0,0,134,378
22.0134,0,0,0,133,379
22.014,0,0,0,132,380
22.0146,0,0,0,131,381
22.0152,0,0,0,130,382
22.0158,0,0,0,127,385
22.0196,0,0,0,128,384
22.0202,0,0,0,129,383
22.0206,0,0,0,131,381
22.0215,0,0,0,134,378
22.0424,0,0,0,136,376
22.0528,0,0,0,138,374
22.0861,0,0,0,141,371
22.0947,0,0,0,144,368
22.1267,0,0,0,148,364
22.1291,0,0,0,152,360
23.0018,0,0,0,149,363
23.0024,0,0,0,145,367
23.003,0,0,0,144,368
23.0036,0,0,0,143,369
23.0042,0,0,0,140,372
23.0048,0,0,0,137,375
23.0054,0,0,0,135,377
23.006,0,0,0,132,380
23.0066,0,0,0,129,383
23.0072,0,0,0,125,387
23.0078,0,0,0,121,391
23.0084,0,0,0,118,394
23.0086,0,0,0,119,393
23.009,0,0,0,116,396
23.0112,0,0,0,113,399
23.0118,0,0,0,112,400
23.0124,0,0,0,111,401
23.013,0,0,0,112,400
23.013,0,0,0,110,402
23.0152,0,0,0,107,405
23.0158,0,0,0,106,406
23.0164,0,0,0,103,409
23.0168,0,0,0,104,408
23.017,0,0,0,103,409
23.0192,0,0,0,100,412
23.0198,0,0,0,97,415
23.0208,0,0,0,98,414
23.0236,0,0,0,100,412
23.027,0,0,0,101,411
23.032,0,0,0,105,407
23.0326,0,0,0,109,403
23.033,0,0,0,112,400
23.0872,0,0,0,115,397
23.1004,0,0,0,118,394
24.0018,0,0,0,116,396
24.0024,0,0,0,112,400
24.003,0,0,0,110,402
24.0036,0,0,0,107,405
24.0042,0,0,0,110,402
24.0042,0,0,0,109,403
24.0064,0,0,0,107,405
24.007,0,0,0,105,407
24.0076,0,0,0,102,410
24.0082,0,0,0,99,413
24.0088,0,0,0,97,415
24.0094,0,0,0,96,416
24.01,0,0,0,92,420
24.0106,0,0,0,88,424
24.0112,0,0,0,85,427
24.0118,0,0,0,81,431
24.0124,0,0,0,83,429
24.0124,0,0,0,82,430
24.0136,0,0,0,84,428
24.0142,0,0,0,85,427
24.0144,0,0,0,86,426
24.0144,0,0,0,90,422
24.0146,0,0,0,88,424
24.016,0,0,0,90,422
24.0176,0,0,0,92,420
24.0216,0,0,0,91,421
24.0224,0,0,0,92,420
24.0254,0,0,0,88,424
24.0276,0,0,0,86,426
24.0282,0,0,0,84,428
24.0466,0,0,0,88,424
24.047,0,0,0,90,422
24.0472,0,0,0,94,418
24.0688,0,0,0,96,416
24.0892,0,0,0,99,413
24.0932,0,0,0,102,410
24.1353,0,0,0,106,406
24.1545,0,0,0,110,402
25.0018,0,0,0,108,404
25.0024,0,0,0,104,408
25.003,0,0,0,103,409
25.0036,0,0,0,101,411
25.0042,0,0,0,100,412
25.0048,0,0,0,98,414
25.0054,0,0,0,97,415
25.006,0,0,0,94,418
25.0066,0,0,0,90,422
25.0072,0,0,0,87,425
25.0078,0,0,0,83,429
25.008,0,0,0,84,428
25.0084,0,0,0,83,429
25.0092,0,0,0,84,428
25.0106,0,0,0,83,429
25.0128,0,0,0,80,432
25.0134,0,0,0,77,435
25.014,0,0,0,75,437
25.0142,0,0,0,77,435
25.0146,0,0,0,73,439
25.0154,0,0,0,74,438
25.0156,0,0,0,75,437
25.0168,0,0,0,71,441
25.0206,0,0,0,68,444
25.0212,0,0,0,64,448
25.0218,0,0,0,63,449
25.0224,0,0,0,62,450
25.023,0,0,0,60,452
25.0236,0,0,0,56,456
25.0242,0,0,0,52,460
25.0246,0,0,0,54,458
25.0248,0,0,0,51,461
25.0273,0,0,0,54,458
25.0324,0,0,0,55,457
25.0452,0,0,0,57,455
25.048,0,0,0,60,452
25.0482,0,0,0,62,450
25.0508,0,0,0,65,447
25.0519,0,0,0,69,443
25.0582,0,0,0,73,439
25.101,0,0,0,76,436
25.1066,0,0,0,79,433
25.1072,0,0,0,82,430
25.1576,0,0,0,86,426
25.2024,0,0,0,90,422
25.2066,0,0,0,91,421
25.2094,0,0,0,94,418
25.2112,0,0,0,96,416
25.213,0,0,0,100,412
25.2182,0,0,0,102,410
26.0018,0,0,0,101,411
26.0024,0,0,0,100,412
26.003,0,0,0,96,416
26.0036,0,0,0,93,419
26.0042,0,0,0,90,422
26.0048,0,0,0,87,425
26.0054,0,0,0,85,427
26.006,0,0,0,81,431
26.0066,0,0,0,80,432
26.0068,0,0,0,81,431
26.0072,0,0,0,79,433
26.0094,0,0,0,77,435
26.01,0,0,0,73,439
26.0106,0,0,0,70,442
26.0112,0,0,0,66,446
26.0118,0,0,0,64,448
26.0124,0,0,0,61,451
26.013,0,0,0,59,453
26.0136,0,0,0,57,455
26.0142,0,0,0,56,456
26.0148,0,0,0,53,459
26.0154,0,0,0,52,460
26.016,0,0,0,48,464
26.0166,0,0,0,49,463
26.0166,0,0,0,48,464
26.0188,0,0,0,47,465
26.0192,0,0,0,48,464
26.0194,0,0,0,45,467
26.0202,0,0,0,47,465
26.0282,0,0,0,50,462
26.0399,0,0,0,53,459
26.0527,0,0,0,55,457
26.0591,0,0,0,57,455
26.0603,0,0,0,59,453
26.1132,0,0,0,62,450
26.1207,0,0,0,65,447
26.1222,0,0,0,68,444
26.1245,0,0,0,71,441
26.1718,0,0,0,75,437
26.1788,0,0,0,79,433
26.1823,0,0,0,83,429
26.2024,0,0,0,84,428
26.2036,0,0,0,88,424
26.2042,0,0,0,90,422
26.2096,0,0,0,92,420
26.2108,0,0,0,95,417
27.0018,0,0,0,91,421
27.0024,0,0,0,89,423
27.003,0,0,0,88,424
27.0036,0,0,0,86,426
27.0042,0,0,0,82,430
27.0048,0,0,0,81,431
27.0054,0,0,0,80,432
27.006,0,0,0,76,436
27.0066,0,0,0,72,440
27.0072,0,0,0,68,444
27.0078,0,0,0,64,448
27.0084,0,0,0,61,451
27.013,0,0,0,62,450
27.0138,0,0,0,66,446
27.0154,0,0,0,67,445
27.0212,0,0,0,68,444
27.0248,0,0,0,71,441
27.025,0,0,0,74,438
27.043,0,0,0,76,436
27.1224,0,0,0,80,432
27.1272,0,0,0,84,428
27.1284,0,0,0,88,424
27.2036,0,0,0,90,422
27.2042,0,0,0,92,420
27.2102,0,0,0,96,416
27.2124,0,0,0,99,413
27.219,0,0,0,102,410
27.2214,0,0,0,105,407
27.222,0,0,0,109,403
28.0018,0,0,0,105,407
28.0024,0,0,0,103,409
28.003,0,0,0,101,411
28.0036,0,0,0,99,413
28.0042,0,0,0,97,415
28.0048,0,0,0,95,417
28.0054,0,0,0,91,421
28.006,0,0,0,90,422
28.0066,0,0,0,86,426
28.0072,0,0,0,82,430
28.0078,0,0,0,80,432
28.0084,0,0,0,77,435
28.009,0,0,0,73,439
28.0096,0,0,0,72,440
28.0102,0,0,0,68,444
28.0108,0,0,0,66,446
28.0114,0,0,0,65,447
28.012,0,0,0,63,449
28.0126,0,0,0,61,451
28.0132,0,0,0,57,455
28.0146,0,0,0,58,454
28.0149,0,0,0,60,452
28.0155,0,0,0,62,450
28.0233,0,0,0,64,448
28.0444,0,0,0,66,446
28.0456,0,0,0,68,444
28.0498,0,0,0,70,442
28.052,0,0,0,74,438
28.0543,0,0,0,78,434
28.1471,0,0,0,82,430
28.1489,0,0,0,86,426
28.1509,0,0,0,90,422
28.1523,0,0,0,94,418
28.2036,0,0,0,95,417
28.2048,0,0,0,97,415
28.2054,0,0,0,100,412
28.2084,0,0,0,103,409
28.2096,0,0,0,105,407
28.212,0,0,0,109,403
28.2132,0,0,0,112,400
29.0018,0,0,0,110,402
29.0024,0,0,0,107,405
29.003,0,0,0,104,408
29.0036,0,0,0,102,410
29.0042,0,0,0,100,412
29.0048,0,0,0,97,415
29.0054,0,0,0,93,419
29.006,0,0,0,92,420
29.0066,0,0,0,88,424
29.0072,0,0,0,86,426
29.0078,0,0,0,88,424
29.0078,0,0,0,85,427
29.0084,0,0,0,89,423
29.01,0,0,0,87,425
29.0122,0,0,0,84,428
29.0124,0,0,0,86,426
29.0128,0,0,0,85,427
29.015,0,0,0,84,428
29.0156,0,0,0,82,430
29.016,0,0,0,83,429
29.0162,0,0,0,79,433
29.0178,0,0,0,81,431
29.0184,0,0,0,80,432
29.02,0,0,0,81,431
29.0206,0,0,0,83,429
29.0206,0,0,0,82,430
29.0228,0,0,0,83,429
29.0244,0,0,0,82,430
29.0246,0,0,0,85,427
29.0262,0,0,0,87,425
29.0266,0,0,0,85,427
29.0284,0,0,0,86,426
29.0303,0,0,0,89,423
29.0304,0,0,0,88,424
29.0306,0,0,0,89,423
29.0354,0,0,0,90,422
29.0434,0,0,0,94,418
29.0446,0,0,0,98,414
29.0502,0,0,0,102,410
29.0889,0,0,0,105,407
29.0913,0,0,0,108,404
29.0977,0,0,0,111,401
29.203,0,0,0,113,399
29.2048,0,0,0,117,395
29.2054,0,0,0,118,394
29.2066,0,0,0,122,390
29.2084,0,0,0,125,387
29.2096,0,0,0,127,385
29.2102,0,0,0,128,384
29.2114,0,0,0,132,380
30.0018,0,0,0,128,384
30.0024,0,0,0,127,385
30.003,0,0,0,125,387
30.0036,0,0,0,123,389
30.0042,0,0,0,119,393
30.0048,0,0,0,117,395
30.0054,0,0,0,116,396
30.006,0,0,0,114,398
30.0066,0,0,0,112,400
30.0072,0,0,0,111,401
30.0074,0,0,0,112,400
30.0078,0,0,0,111,401
30.01,0,0,0,108,404
30.0106,0,0,0,105,407
30.0112,0,0,0,101,411
30.0118,0,0,0,97,415
30.0122,0,0,0,98,414
30.0124,0,0,0,97,415
30.0146,0,0,0,95,417
30.0152,0,0,0,93,419
30.0154,0,0,0,94,418
30.0158,0,0,0,90,422
30.0166,0,0,0,92,420
30.0174,0,0,0,93,419
30.0178,0,0,0,94,418
30.0288,0,0,0,98,414
30.0358,0,0,0,102,410
30.0442,0,0,0,104,408
30.0472,0,0,0,106,406
30.2024,0,0,0,110,402
30.206,0,0,0,113,399
30.2078,0,0,0,114,398
30.219,0,0,0,118,394
30.2218,0,0,0,121,391
30.2236,0,0,0,123,389
31.0018,0,0,0,121,391
31.0024,0,0,0,118,394
31.003,0,0,0,115,397
31.0036,0,0,0,112,400
31.0042,0,0,0,108,404
31.0048,0,0,0,104,408
31.0054,0,0,0,100,412
31.006,0,0,0,98,414
31.0066,0,0,0,97,415
31.0072,0,0,0,96,416
31.0078,0,0,0,95,417
31.0084,0,0,0,91,421
31.009,0,0,0,90,422
31.0096,0,0,0,89,423
31.0102,0,0,0,88,424
31.0108,0,0,0,84,428
31.0114,0,0,0,82,430
31.012,0,0,0,78,434
31.0122,0,0,0,79,433
31.0126,0,0,0,76,436
31.0152,0,0,0,77,435
31.0166,0,0,0,79,433
31.0166,0,0,0,80,432
31.0293,0,0,0,83,429
31.0424,0,0,0,85,427
31.0837,0,0,0,88,424
31.0843,0,0,0,91,421
31.1279,0,0,0,95,417
31.1351,0,0,0,99,413
31.2024,0,0,0,101,411
31.206,0,0,0,102,410
31.2106,0,0,0,105,407
31.2144,0,0,0,108,404
31.2156,0,0,0,110,402
32.0018,0,0,0,109,403
32.0024,0,0,0,107,405
32.003,0,0,0,106,406
32.0036,0,0,0,105,407
32.0042,0,0,0,101,411
32.0048,0,0,0,102,410
32.0048,0,0,0,100,412
32.007,0,0,0,96,416
32.0076,0,0,0,94,418
32.0082,0,0,0,92,420
32.0088,0,0,0,89,423
32.0094,0,0,0,85,427
32.01,0,0,0,83,429
32.0106,0,0,0,82,430
32.0112,0,0,0,81,431
32.0118,0,0,0,82,430
32.0118,0,0,0,81,431
32.014,0,0,0,79,433
32.0146,0,0,0,77,435
32.0152,0,0,0,74,438
32.0154,0,0,0,76,436
32.0158,0,0,0,74,438
32.0162,0,0,0,75,437
32.0164,0,0,0,76,436
32.018,0,0,0,72,440
32.0182,0,0,0,74,438
32.0218,0,0,0,75,437
32.0218,0,0,0,74,438
32.0256,0,0,0,71,441
32.0262,0,0,0,68,444
32.0318,0,0,0,69,443
32.037,0,0,0,73,439
32.0459,0,0,0,77,435
32.0478,0,0,0,80,432
32.0483,0,0,0,83,429
32.0506,0,0,0,85,427
32.0545,0,0,0,89,423
32.0552,0,0,0,91,421
32.0955,0,0,0,94,418
32.1019,0,0,0,97,415
32.2018,0,0,0,98,414
32.2024,0,0,0,102,410
32.203,0,0,0,106,406
32.2036,0,0,0,110,402
32.2042,0,0,0,112,400
32.2078,0,0,0,113,399
32.2096,0,0,0,115,397
32.2114,0,0,0,116,396
33.0018,0,0,0,113,399
33.0024,0,0,0,110,402
33.003,0,0,0,107,405
33.0036,0,0,0,103,409
33.0042,0,0,0,100,412
33.0048,0,0,0,96,416
33.0054,0,0,0,92,420
33.006,0,0,0,89,423
33.0066,0,0,0,86,426
33.0072,0,0,0,82,430
33.0078,0,0,0,81,431
33.0084,0,0,0,80,432
33.009,0,0,0,78,434
33.0096,0,0,0,77,435
33.0102,0,0,0,76,436
33.0108,0,0,0,72,440
33.0114,0,0,0,68,444
33.012,0,0,0,64,448
33.0126,0,0,0,60,452
33.0134,0,0,0,61,451
33.0172,0,0,0,63,449
33.0202,0,0,0,64,448
33.0328,0,0,0,67,445
33.0555,0,0,0,69,443
33.0566,0,0,0,73,439
33.0604,0,0,0,77,435
33.0648,0,0,0,81,431
33.0651,0,0,0,85,427
33.1036,0,0,0,88,424
33.1042,0,0,0,91,421
33.106,0,0,0,94,418
33.1565,0,0,0,98,414
33.1606,0,0,0,102,410
33.2042,0,0,0,103,409
33.2066,0,0,0,107,405
33.2078,0,0,0,108,404
33.2138,0,0,0,112,400
33.2166,0,0,0,116,396
33.2194,0,0,0,118,394
34.0018,0,0,0,116,396
34.0024,0,0,0,112,400
34.003,0,0,0,110,402
34.0036,0,0,0,107,405
34.0042,0,0,0,103,409
34.0048,0,0,0,101,411
34.0054,0,0,0,100,412
34.006,0,0,0,101,411
34.006,0,0,0,97,415
34.0082,0,0,0,94,418
34.0088,0,0,0,91,421
34.0094,0,0,0,87,425
34.01,0,0,0,86,426
34.0106,0,0,0,85,427
34.0112,0,0,0,81,431
34.0118,0,0,0,79,433
34.0124,0,0,0,75,437
34.013,0,0,0,71,441
34.0136,0,0,0,73,439
34.0136,0,0,0,70,442
34.015,0,0,0,71,441
34.0152,0,0,0,74,438
34.0154,0,0,0,75,437
34.0158,0,0,0,71,441
34.0206,0,0,0,72,440
34.0212,0,0,0,69,443
34.0224,0,0,0,71,441
34.0234,0,0,0,70,442
34.0256,0,0,0,68,444
34.0258,0,0,0,71,441
34.0262,0,0,0,68,444
34.0284,0,0,0,66,446
34.029,0,0,0,65,447
34.0296,0,0,0,61,451
34.0302,0,0,0,57,455
34.0308,0,0,0,56,456
34.0314,0,0,0,55,457
34.0334,0,0,0,56,456
34.0364,0,0,0,57,455
34.039,0,0,0,58,454
34.0396,0,0,0,60,452
34.0427,0,0,0,63,449
34.0475,0,0,0,65,447
34.0501,0,0,0,68,444
34.0505,0,0,0,70,442
34.0701,0,0,0,72,440
34.0734,0,0,0,76,436
34.1074,0,0,0,79,433
34.157,0,0,0,83,429
34.1588,0,0,0,87,425
34.1619,0,0,0,91,421
34.1637,0,0,0,95,417
34.2018,0,0,0,97,415
34.203,0,0,0,99,413
34.2036,0,0,0,103,409
34.2054,0,0,0,104,408
34.206,0,0,0,107,405
34.209,0,0,0,109,403
34.2096,0,0,0,110,402
34.2108,0,0,0,111,401
34.2114,0,0,0,112,400
34.2132,0,0,0,113,399
35.0018,0,0,0,112,400
35.0024,0,0,0,110,402
35.003,0,0,0,108,404
35.0036,0,0,0,107,405
35.0042,0,0,0,104,408
35.0048,0,0,0,103,409
35.0054,0,0,0,101,411
35.006,0,0,0,100,412
35.0066,0,0,0,99,413
35.0072,0,0,0,96,416
35.0078,0,0,0,93,419
35.0084,0,0,0,91,421
35.0098,0,0,0,92,420
35.011,0,0,0,93,419
35.0116,0,0,0,94,418
35.0118,0,0,0,95,417
35.0182,0,0,0,98,414
35.0238,0,0,0,101,411
35.0244,0,0,0,104,408
35.0276,0,0,0,108,404
35.0436,0,0,0,110,402
35.049,0,0,0,112,400
35.203,0,0,0,115,397
35.2036,0,0,0,119,393
35.2042,0,0,0,122,390
35.209,0,0,0,123,389
35.212,0,0,0,126,386
35.216,0,0,0,129,383
35.221,0,0,0,130,382
35.2232,0,0,0,131,381
35.2282,0,0,0,135,377
36.0018,0,0,0,133,379
36.0024,0,0,0,131,381
36.003,0,0,0,129,383
36.0036,0,0,0,128,384
36.0042,0,0,0,126,386
36.0048,0,0,0,123,389
36.0054,0,0,0,121,391
36.006,0,0,0,120,392
36.0066,0,0,0,117,395
36.0072,0,0,0,115,397
36.0078,0,0,0,114,398
36.0084,0,0,0,110,402
36.009,0,0,0,109,403
36.0096,0,0,0,108,404
36.0102,0,0,0,104,408
36.0108,0,0,0,102,410
36.011,0,0,0,103,409
36.0114,0,0,0,101,411
36.0128,0,0,0,102,410
36.0136,0,0,0,100,412
36.014,0,0,0,101,411
36.016,0,0,0,103,409
36.0178,0,0,0,105,407
36.022,0,0,0,107,405
36.036,0,0,0,111,401
36.0378,0,0,0,115,397
36.0424,0,0,0,117,395
36.043,0,0,0,119,393
36.0448,0,0,0,121,391
36.0863,0,0,0,124,388
36.203,0,0,0,128,384
36.2042,0,0,0,130,382
36.2064,0,0,0,134,378
36.2082,0,0,0,136,376
36.2094,0,0,0,140,372
36.21,0,0,0,143,369
36.2106,0,0,0,146,366
36.2118,0,0,0,149,363
36.213,0,0,0,150,362
36.2142,0,0,0,153,359
36.2176,0,0,0,156,356
37.0018,0,0,0,155,357
37.0024,0,0,0,153,359
37.003,0,0,0,149,363
37.0036,0,0,0,145,367
37.0042,0,0,0,148,364
37.0042,0,0,0,144,368
37.0064,0,0,0,142,370
37.007,0,0,0,139,373
37.0076,0,0,0,135,377
37.0082,0,0,0,132,380
37.0088,0,0,0,130,382
37.0094,0,0,0,126,386
37.01,0,0,0,124,388
37.0106,0,0,0,120,392
37.0112,0,0,0,118,394
37.0118,0,0,0,117,395
37.0124,0,0,0,116,396
37.013,0,0,0,118,394
37.013,0,0,0,117,395
37.0152,0,0,0,114,398
37.0158,0,0,0,110,402
37.0164,0,0,0,109,403
37.017,0,0,0,105,407
37.0176,0,0,0,101,411
37.0214,0,0,0,102,410
37.0218,0,0,0,103,409
37.0224,0,0,0,104,408
37.0434,0,0,0,108,404
37.0494,0,0,0,110,402
37.0538,0,0,0,114,398
37.0997,0,0,0,117,395
37.1066,0,0,0,120,392
37.1548,0,0,0,124,388
37.1588,0,0,0,128,384
37.1665,0,0,0,132,380
37.1668,0,0,0,136,376
37.2024,0,0,0,140,372
37.206,0,0,0,144,368
37.2084,0,0,0,147,365
37.209,0,0,0,149,363
37.2102,0,0,0,153,359
37.2138,0,0,0,155,357
37.2178,0,0,0,157,355
38.0018,0,0,0,153,359
38.0024,0,0,0,152,360
38.003,0,0,0,149,363
38.0036,0,0,0,147,365
38.0042,0,0,0,143,369
38.0048,0,0,0,140,372
38.0054,0,0,0,139,373
38.006,0,0,0,136,376
38.0066,0,0,0,133,379
38.0072,0,0,0,129,383
38.0078,0,0,0,127,385
38.0084,0,0,0,126,386
38.009,0,0,0,124,388
38.0096,0,0,0,120,392
38.0102,0,0,0,119,393
38.0108,0,0,0,116,396
38.0114,0,0,0,115,397
38.012,0,0,0,114,398
38.0124,0,0,0,115,397
38.0124,0,0,0,116,396
38.0126,0,0,0,114,398
38.0134,0,0,0,115,397
38.0142,0,0,0,117,395
38.0164,0,0,0,115,397
38.0196,0,0,0,117,395
38.0202,0,0,0,114,398
38.0214,0,0,0,115,397
38.022,0,0,0,116,396
38.0232,0,0,0,118,394
38.027,0,0,0,120,392
38.0274,0,0,0,123,389
38.0303,0,0,0,127,385
38.0836,0,0,0,130,382
38.1008,0,0,0,133,379
38.1239,0,0,0,137,375
38.2024,0,0,0,141,371
38.206,0,0,0,145,367
38.2066,0,0,0,148,364
38.2108,0,0,0,151,361
38.2114,0,0,0,155,357
38.2126,0,0,0,156,356
38.2132,0,0,0,158,354
39.0018,0,0,0,155,357
39.0024,0,0,0,154,358
39.003,0,0,0,152,360
39.0036,0,0,0,148,364
39.0042,0,0,0,147,365
39.0048,0,0,0,146,366
39.0054,0,0,0,144,368
39.006,0,0,0,141,371
39.0066,0,0,0,139,373
39.0072,0,0,0,136,376
39.0074,0,0,0,137,375
39.0078,0,0,0,136,376
39.0098,0,0,0,137,375
39.01,0,0,0,134,378
39.0122,0,0,0,130,382
39.0128,0,0,0,127,385
39.0134,0,0,0,125,387
39.014,0,0,0,122,390
39.0146,0,0,0,118,394
39.0152,0,0,0,117,395
39.0158,0,0,0,115,397
39.0164,0,0,0,114,398
39.017,0,0,0,116,396
39.017,0,0,0,113,399
39.0172,0,0,0,115,397
39.0185,0,0,0,118,394
39.0192,0,0,0,116,396
39.023,0,0,0,112,400
39.0236,0,0,0,108,404
39.0239,0,0,0,111,401
39.0242,0,0,0,107,405
39.0252,0,0,0,108,404
39.0264,0,0,0,104,408
39.0267,0,0,0,107,405
39.0286,0,0,0,105,407
39.0298,0,0,0,107,405
39.0308,0,0,0,104,408
39.033,0,0,0,100,412
39.0336,0,0,0,98,414
39.0337,0,0,0,101,411
39.0436,0,0,0,103,409
39.0564,0,0,0,105,407
39.0576,0,0,0,109,403
39.0692,0,0,0,111,401
39.1347,0,0,0,115,397
39.1453,0,0,0,119,393
39.2066,0,0,0,123,389
39.2078,0,0,0,124,388
39.2124,0,0,0,128,384
39.2146,0,0,0,130,382
40.0018,0,0,0,128,384
40.0024,0,0,0,124,388
40.003,0,0,0,122,390
40.0036,0,0,0,120,392
40.0042,0,0,0,118,394
40.0048,0,0,0,117,395
40.0054,0,0,0,116,396
40.006,0,0,0,115,397
40.0066,0,0,0,111,401
40.0072,0,0,0,108,404
40.0078,0,0,0,106,406
40.0084,0,0,0,102,410
40.009,0,0,0,99,413
40.0096,0,0,0,98,414
40.011,0,0,0,99,413
40.0146,0,0,0,100,412
40.0248,0,0,0,103,409
40.0266,0,0,0,106,406
40.0378,0,0,0,110,402
40.0436,0,0,0,112,400
40.0484,0,0,0,114,398
40.1278,0,0,0,118,394
40.132,0,0,0,122,390
40.2088,0,0,0,125,387
40.21,0,0,0,129,383
40.2136,0,0,0,130,382
40.2148,0,0,0,132,380
40.2398,0,0,0,133,379
41.0018,0,0,0,129,383
41.0024,0,0,0,132,380
41.0024,0,0,0,131,381
41.0046,0,0,0,128,384
41.0052,0,0,0,124,388
41.0054,0,0,0,128,384
41.0058,0,0,0,125,387
41.0074,0,0,0,126,386
41.008,0,0,0,124,388
41.0102,0,0,0,123,389
41.0108,0,0,0,121,391
41.0114,0,0,0,119,393
41.012,0,0,0,117,395
41.0126,0,0,0,115,397
41.0132,0,0,0,113,399
41.0138,0,0,0,110,402
41.0144,0,0,0,109,403
41.015,0,0,0,108,404
41.02,0,0,0,109,403
41.0202,0,0,0,110,402
41.0212,0,0,0,113,399
41.0214,0,0,0,115,397
41.0232,0,0,0,117,395
41.0238,0,0,0,119,393
41.0486,0,0,0,121,391
41.0944,0,0,0,124,388
41.1263,0,0,0,128,384
41.2018,0,0,0,130,382
41.2024,0,0,0,133,379
41.2036,0,0,0,135,377
41.2106,0,0,0,136,376
41.2118,0,0,0,139,373
41.213,0,0,0,143,369
41.2136,0,0,0,144,368
41.2216,0,0,0,148,364
41.2222,0,0,0,149,363
42.0018,0,0,0,146,366
42.0024,0,0,0,143,369
42.003,0,0,0,139,373
42.0036,0,0,0,140,372
42.0036,0,0,0,137,375
42.0058,0,0,0,135,377
42.0064,0,0,0,131,381
42.007,0,0,0,130,382
42.0076,0,0,0,127,385
42.0082,0,0,0,123,389
42.0088,0,0,0,119,393
42.0094,0,0,0,115,397
42.01,0,0,0,111,401
42.0106,0,0,0,109,403
42.0112,0,0,0,107,405
42.0118,0,0,0,104,408
42.012,0,0,0,105,407
42.0124,0,0,0,102,410
42.0146,0,0,0,100,412
42.0152,0,0,0,96,416
42.0158,0,0,0,92,420
42.0164,0,0,0,90,422
42.0224,0,0,0,92,420
42.0244,0,0,0,93,419
42.027,0,0,0,95,417
42.0274,0,0,0,98,414
42.037,0,0,0,101,411
42.0531,0,0,0,105,407
42.0638,0,0,0,107,405
42.0657,0,0,0,111,401
42.0699,0,0,0,115,397
42.1063,0,0,0,118,394
42.1081,0,0,0,121,391
42.116,0,0,0,124,388
42.1711,0,0,0,128,384
42.1715,0,0,0,132,380
42.1748,0,0,0,136,376
42.2024,0,0,0,139,373
42.206,0,0,0,140,372
42.2066,0,0,0,141,371
42.2072,0,0,0,142,370
42.2094,0,0,0,145,367
42.2134,0,0,0,146,366
42.214,0,0,0,147,365
42.2158,0,0,0,150,362
43.0018,0,0,0,147,365
43.0024,0,0,0,146,366
43.003,0,0,0,143,369
43.0036,0,0,0,141,371
43.0042,0,0,0,140,372
43.0048,0,0,0,136,376
43.0054,0,0,0,132,380
43.006,0,0,0,131,381
43.0066,0,0,0,130,382
43.0072,0,0,0,126,386
43.0078,0,0,0,123,389
43.0084,0,0,0,121,391
43.009,0,0,0,120,392
43.0096,0,0,0,119,393
43.0102,0,0,0,116,396
43.0108,0,0,0,114,398
43.0114,0,0,0,113,399
43.012,0,0,0,110,402
43.0126,0,0,0,107,405
43.016,0,0,0,108,404
43.019,0,0,0,110,402
43.019,0,0,0,111,401
43.0305,0,0,0,114,398
43.0442,0,0,0,116,396
43.0514,0,0,0,118,394
43.0843,0,0,0,121,391
43.0903,0,0,0,124,388
43.0927,0,0,0,127,385
43.1321,0,0,0,131,381
43.2018,0,0,0,134,378
43.2024,0,0,0,138,374
43.2048,0,0,0,141,371
43.2054,0,0,0,143,369
43.206,0,0,0,146,366
43.2084,0,0,0,149,363
43.209,0,0,0,152,360
43.2112,0,0,0,155,357
43.2192,0,0,0,158,354
44.0018,0,0,0,155,357
44.0024,0,0,0,152,360
44.003,0,0,0,151,361
44.0036,0,0,0,148,364
44.0042,0,0,0,144,368
44.0048,0,0,0,143,369
44.0054,0,0,0,140,372
44.006,0,0,0,136,376
44.0066,0,0,0,133,379
44.0072,0,0,0,130,382
44.0078,0,0,0,127,385
44.0084,0,0,0,125,387
44.009,0,0,0,121,391
44.0096,0,0,0,119,393
44.0102,0,0,0,117,395
44.0106,0,0,0,118,394
44.0108,0,0,0,117,395
44.013,0,0,0,114,398
44.0136,0,0,0,113,399
44.0142,0,0,0,111,401
44.0148,0,0,0,109,403
44.0154,0,0,0,107,405
44.016,0,0,0,104,408
44.0223,0,0,0,106,406
44.023,0,0,0,108,404
44.0231,0,0,0,110,402
44.0236,0,0,0,111,401
44.028,0,0,0,113,399
44.0286,0,0,0,115,397
44.03,0,0,0,118,394
44.0311,0,0,0,121,391
44.0331,0,0,0,124,388
44.0376,0,0,0,127,385
44.039,0,0,0,130,382
44.0426,0,0,0,133,379
44.044,0,0,0,136,376
44.051,0,0,0,140,372
44.0531,0,0,0,144,368
44.0617,0,0,0,146,366
44.1011,0,0,0,149,363
44.1029,0,0,0,152,360
44.2082,0,0,0,155,357
44.2088,0,0,0,157,355
44.2112,0,0,0,160,352
44.2118,0,0,0,164,348
44.2146,0,0,0,166,346
44.2216,0,0,0,167,345
44.2276,0,0,0,169,343
45.0018,0,0,0,167,345
45.0024,0,0,0,163,349
45.003,0,0,0,160,352
45.0036,0,0,0,158,354
45.0042,0,0,0,156,356
45.0048,0,0,0,155,357
45.0054,0,0,0,153,359
45.006,0,0,0,149,363
45.0066,0,0,0,148,364
45.0072,0,0,0,144,368
45.0078,0,0,0,141,371
45.0084,0,0,0,137,375
45.009,0,0,0,135,377
45.0096,0,0,0,133,379
45.0098,0,0,0,134,378
45.0102,0,0,0,130,382
45.0124,0,0,0,132,380
45.0124,0,0,0,130,382
45.0142,0,0,0,132,380
45.0146,0,0,0,131,381
45.0166,0,0,0,132,380
45.0168,0,0,0,129,383
45.019,0,0,0,127,385
45.0196,0,0,0,124,388
45.0202,0,0,0,126,386
45.0382,0,0,0,129,383
45.0388,0,0,0,133,379
45.0596,0,0,0,135,377
45.0856,0,0,0,138,374
45.0994,0,0,0,141,371
45.1336,0,0,0,145,367
45.136,0,0,0,149,363
45.2024,0,0,0,153,359
45.2066,0,0,0,157,355
45.2084,0,0,0,158,354
45.2168,0,0,0,162,350
45.2218,0,0,0,163,349
45.2236,0,0,0,167,345
45.2242,0,0,0,171,341
46.0018,0,0,0,168,344
46.0024,0,0,0,166,346
46.003,0,0,0,164,348
46.0036,0,0,0,163,349
46.0042,0,0,0,162,350
46.0048,0,0,0,158,354
46.0054,0,0,0,157,355
46.006,0,0,0,153,359
46.0066,0,0,0,151,361
46.0072,0,0,0,150,362
46.0078,0,0,0,151,361
46.0078,0,0,0,148,364
46.01,0,0,0,146,366
46.0104,0,0,0,147,365
46.0106,0,0,0,143,369
46.0122,0,0,0,144,368
46.0128,0,0,0,143,369
46.013,0,0,0,145,367
46.0142,0,0,0,146,366
46.015,0,0,0,145,367
46.0178,0,0,0,146,366
46.0187,0,0,0,149,363
46.0188,0,0,0,145,367
46.0226,0,0,0,143,369
46.0232,0,0,0,141,371
46.0238,0,0,0,140,372
46.0244,0,0,0,139,373
46.025,0,0,0,136,376
46.0252,0,0,0,139,373
46.0256,0,0,0,138,374
46.0278,0,0,0,137,375
46.0284,0,0,0,133,379
46.0288,0,0,0,134,378
46.029,0,0,0,132,380
46.0312,0,0,0,129,383
46.0318,0,0,0,127,385
46.0324,0,0,0,124,388
46.033,0,0,0,123,389
46.0334,0,0,0,125,387
46.0336,0,0,0,122,390
46.0341,0,0,0,124,388
46.0356,0,0,0,125,387
46.0358,0,0,0,122,390
46.0378,0,0,0,123,389
46.0396,0,0,0,122,390
46.0446,0,0,0,124,388
46.0446,0,0,0,125,387
46.05,0,0,0,127,385
46.0548,0,0,0,129,383
46.059,0,0,0,131,381
46.0652,0,0,0,134,378
46.0736,0,0,0,138,374
46.0786,0,0,0,140,372
46.0838,0,0,0,144,368
46.1293,0,0,0,147,365
46.1334,0,0,0,150,362
46.1345,0,0,0,153,359
46.1355,0,0,0,156,356
46.1738,0,0,0,160,352
46.175,0,0,0,164,348
46.2024,0,0,0,165,347
46.2036,0,0,0,168,344
46.206,0,0,0,172,340
46.2072,0,0,0,174,338
46.2112,0,0,0,178,334
46.2136,0,0,0,180,332
46.2154,0,0,0,181,331
46.2166,0,0,0,182,330
46.2188,0,0,0,183,329
47.0018,0,0,0,180,332
47.0024,0,0,0,176,336
47.003,0,0,0,172,340
47.0036,0,0,0,170,342
47.0042,0,0,0,168,344
47.0048,0,0,0,167,345
47.0054,0,0,0,165,347
47.006,0,0,0,161,351
47.0066,0,0,0,157,355
47.0072,0,0,0,156,356
47.0078,0,0,0,155,357
47.0084,0,0,0,151,361
47.009,0,0,0,148,364
47.0096,0,0,0,146,366
47.0102,0,0,0,143,369
47.0108,0,0,0,139,373
47.0114,0,0,0,137,375
47.012,0,0,0,134,378
47.0126,0,0,0,130,382
47.0128,0,0,0,131,381
47.0132,0,0,0,130,382
47.0148,0,0,0,132,380
47.0154,0,0,0,131,381
47.0204,0,0,0,132,380
47.0338,0,0,0,136,376
47.0442,0,0,0,138,374
47.046,0,0,0,140,372
47.0502,0,0,0,142,370
47.0913,0,0,0,145,367
47.1328,0,0,0,149,363
47.1352,0,0,0,153,359
47.2036,0,0,0,155,357
47.2042,0,0,0,159,353
47.2048,0,0,0,160,352
47.206,0,0,0,164,348
47.2072,0,0,0,168,344
48.0018,0,0,0,166,346
48.0024,0,0,0,165,347
48.003,0,0,0,161,351
48.0036,0,0,0,160,352
48.0042,0,0,0,159,353
48.0048,0,0,0,158,354
48.0054,0,0,0,156,356
48.006,0,0,0,155,357
48.0066,0,0,0,151,361
48.0072,0,0,0,149,363
48.0078,0,0,0,146,366
48.0084,0,0,0,144,368
48.009,0,0,0,143,369
48.0092,0,0,0,144,368
48.0096,0,0,0,142,370
48.0118,0,0,0,139,373
48.0124,0,0,0,135,377
48.013,0,0,0,133,379
48.0136,0,0,0,130,382
48.0148,0,0,0,131,381
48.016,0,0,0,133,379
48.0202,0,0,0,135,377
48.0296,0,0,0,139,373
48.0424,0,0,0,141,371
48.049,0,0,0,143,369
48.0887,0,0,0,146,366
48.0927,0,0,0,149,363
48.1349,0,0,0,153,359
48.2018,0,0,0,157,355
48.203,0,0,0,159,353
48.206,0,0,0,160,352
48.2084,0,0,0,163,349
48.2108,0,0,0,165,347
48.2114,0,0,0,166,346
48.212,0,0,0,168,344
49.0018,0,0,0,167,345
49.0024,0,0,0,165,347
49.003,0,0,0,163,349
49.0036,0,0,0,162,350
49.0042,0,0,0,160,352
49.0048,0,0,0,156,356
49.0054,0,0,0,158,354
49.0054,0,0,0,156,356
49.0076,0,0,0,154,358
49.0082,0,0,0,152,360
49.0088,0,0,0,151,361
49.0094,0,0,0,150,362
49.01,0,0,0,147,365
49.0106,0,0,0,145,367
49.0112,0,0,0,143,369
49.0118,0,0,0,142,370
49.0124,0,0,0,138,374
49.013,0,0,0,140,372
49.013,0,0,0,136,376
49.0136,0,0,0,137,375
49.0152,0,0,0,136,376
49.0174,0,0,0,133,379
49.018,0,0,0,132,380
49.0182,0,0,0,134,378
49.0186,0,0,0,132,380
49.0194,0,0,0,133,379
49.0208,0,0,0,129,383
49.0212,0,0,0,131,381
49.0218,0,0,0,133,379
49.0218,0,0,0,134,378
49.023,0,0,0,130,382
49.028,0,0,0,131,381
49.0284,0,0,0,128,384
49.0466,0,0,0,130,382
49.0478,0,0,0,132,380
49.0506,0,0,0,134,378
49.0534,0,0,0,137,375
49.061,0,0,0,139,373
49.1018,0,0,0,142,370
49.1091,0,0,0,145,367
49.1448,0,0,0,149,363
49.1586,0,0,0,153,359
49.1599,0,0,0,157,355
49.2036,0,0,0,159,353
49.2042,0,0,0,161,351
49.2266,0,0,0,163,349
50.0024,0,0,0,160,352
50.003,0,0,0,158,354
50.0036,0,0,0,156,356
50.0042,0,0,0,153,359
50.0048,0,0,0,151,361
50.0054,0,0,0,147,365
50.006,0,0,0,145,367
50.0066,0,0,0,144,368
50.0072,0,0,0,142,370
50.0078,0,0,0,140,372
50.0084,0,0,0,138,374
50.009,0,0,0,137,375
50.0096,0,0,0,134,378
50.0102,0,0,0,131,381
50.0108,0,0,0,133,379
50.0108,0,0,0,130,382
50.0158,0,0,0,134,378
50.0166,0,0,0,136,376
50.0178,0,0,0,138,374
50.0184,0,0,0,140,372
50.019,0,0,0,141,371
50.0221,0,0,0,144,368
50.0275,0,0,0,147,365
50.0281,0,0,0,150,362
50.0287,0,0,0,153,359
50.0442,0,0,0,155,357
50.0454,0,0,0,157,355
50.2018,0,0,0,161,351
50.203,0,0,0,163,349
50.2048,0,0,0,165,347
50.21,0,0,0,168,344
50.2106,0,0,0,171,341
50.2118,0,0,0,175,337
50.2146,0,0,0,177,335
50.2152,0,0,0,179,333
51.0024,0,0,0,181,331
51.2042,0,0,0,185,327
51.2078,0,0,0,186,326
51.2084,0,0,0,190,322
51.209,0,0,0,191,321
51.2096,0,0,0,192,320
51.2108,0,0,0,196,316
51.2114,0,0,0,198,314
52.0042,0,0,0,201,311
52.2024,0,0,0,203,309
52.203,0,0,0,204,308
52.207,0,0,0,208,304
52.2082,0,0,0,210,302
52.214,0,0,0,212,300
52.2158,0,0,0,214,298
53.0066,0,0,0,217,295
53.203,0,0,0,220,292
53.2036,0,0,0,224,288
53.2066,0,0,0,227,285
53.2096,0,0,0,228,284
53.2108,0,0,0,232,280
54.2024,0,0,0,236,276
54.2088,0,0,0,239,273
54.2112,0,0,0,243,269
54.213,0,0,0,247,265
54.2158,0,0,0,251,261
54.2262,0,0,0,254,258
54.2302,0,0,0,258,254
54.2308,0,0,0,259,253
55.2036,0,0,0,260,252
56.0102,0,0,0,264,248
56.203,0,0,0,266,246
56.2036,0,0,0,267,245
56.2066,0,0,0,270,242
56.2096,0,0,0,271,241
56.2136,0,0,0,273,239
57.0054,0,0,0,274,238
57.0264,0,0,0,278,234
57.2018,0,0,0,279,233
57.203,0,0,0,283,229
57.2064,0,0,0,285,227
57.207,0,0,0,288,224
57.2094,0,0,0,292,220
57.21,0,0,0,294,218
57.2112,0,0,0,296,216
57.213,0,0,0,297,215
57.2158,0,0,0,301,211
58.2048,0,0,0,304,208
58.206,0,0,0,307,205
58.2072,0,0,0,311,201
58.2078,0,0,0,313,199
58.2096,0,0,0,317,195
58.2102,0,0,0,318,194
59.0042,0,0,0,319,193
59.013,0,0,0,321,191
59.2036,0,0,0,325,187
59.2042,0,0,0,326,186
59.2054,0,0,0,328,184
59.206,0,0,0,331,181
59.2078,0,0,0,332,180
59.2128,0,0,0,335,177
59.2134,0,0,0,337,175
59.214,0,0,0,340,172
59.2146,0,0,0,344,168
59.2164,0,0,0,345,167
59.223,0,0,0,349,163
59.2236,0,0,0,353,159
59.2308,0,0,0,356,156
59.2336,0,0,0,358,154
60.0078,0,0,0,361,151
60.2018,0,0,0,363,149
60.2036,0,0,0,365,147
60.2042,0,0,0,367,145
60.2048,0,0,0,368,144
60.2054,0,0,0,369,143
61.0124,0,0,0,373,139
61.2018,0,0,0,377,135
61.2058,0,0,0,380,132
61.2114,0,0,0,382,130
61.212,0,0,0,384,128
61.2144,0,0,0,385,127
62.0112,0,0,0,387,125
62.2058,0,0,0,389,123
62.2064,0,0,0,393,119
62.2094,0,0,0,397,115
62.2118,0,0,0,400,112
63.0244,0,0,0,401,111
63.2024,0,0,0,402,110
63.203,0,0,0,405,107
63.2048,0,0,0,409,103
63.2066,0,0,0,410,102
63.2072,0,0,0,414,98
63.2096,0,0,0,415,97
63.2114,0,0,0,416,96
63.2126,0,0,0,419,93
64.203,0,0,0,420,92
64.2042,0,0,0,424,88
64.2048,0,0,0,425,87
64.2084,0,0,0,427,85
64.2108,0,0,0,428,84
65.013,0,0,0,432,80
65.2024,0,0,0,436,76
65.2042,0,0,0,438,74
65.2054,0,0,0,440,72
65.209,0,0,0,442,70
65.2124,0,0,0,444,68
65.2146,0,0,0,445,67
66.2036,0,0,0,446,66
66.2106,0,0,0,450,62
66.215,0,0,0,451,61
66.233,0,0,0,452,60
67.2018,0,0,0,455,57
67.2024,0,0,0,459,53
67.2048,0,0,0,460,52
67.2066,0,0,0,464,48
67.2072,0,0,0,465,47
67.209,0,0,0,468,44
67.2108,0,0,0,472,40
67.2114,0,0,0,474,38
67.212,0,0,0,477,35
67.2126,0,0,0,481,31
67.2132,0,0,0,482,30
68.2024,0,0,0,483,29
68.2036,0,0,0,484,28
68.206,0,0,0,485,27
68.2066,0,0,0,489,23
68.2072,0,0,0,491,21
68.209,0,0,0,492,20
68.2136,0,0,0,495,17
69.2018,0,0,0,496,16
69.203,0,0,0,498,14
69.2088,0,0,0,499,13
69.2152,0,0,0,500,12
70.2024,0,0,0,503,9
70.203,0,0,0,505,7
70.2054,0,0,0,509,3
70.2066,0,0,0,510,2
70.2084,0,0,0,512,0
