UID,JobIDRaw,JobName,TimelimitRaw,Submit,Start,End,State,Priority,ElapsedRaw,QOS,Restarts,NNodes,Planned,Flags
1010,5682,test_user11-m4Qq,1,2025-08-01T19:04:41,2025-08-01T19:04:42,2025-08-01T19:06:06,TIMEOUT,86400,84,normal,0,2,00:00:01,SchedMain;StartReceived
1016,5684,test_user17-xwjX,6,2025-08-01T19:04:41,2025-08-01T19:04:42,2025-08-01T19:07:24,COMPLETED,86400,162,normal,0,5,00:00:01,SchedMain;StartReceived
1014,5685,test_user15-QRKA,2,2025-08-01T19:04:41,2025-08-01T19:04:42,2025-08-01T19:07:06,TIMEOUT,86400,144,normal,0,6,00:00:01,SchedMain;StartReceived
1011,5688,test_user12-vH0j,9,2025-08-01T19:04:42,2025-08-01T19:05:05,2025-08-01T19:09:41,COMPLETED,86400,276,normal,0,2,00:00:23,SchedBackfill;StartReceived
1018,5689,test_user19-UBfe,3,2025-08-01T19:04:42,2025-08-01T20:08:40,2025-08-01T20:12:07,TIMEOUT,86400,207,normal,0,10,01:03:58,SchedMain;StartReceived
1013,5690,test_user14-47hf,7,2025-08-01T19:04:42,2025-08-01T20:12:10,2025-08-01T20:16:50,COMPLETED,86400,280,normal,0,10,01:07:27,SchedMain;StartReceived
1017,5691,test_user18-iOG2,8,2025-08-01T19:04:43,2025-08-01T20:09:37,2025-08-01T20:14:50,COMPLETED,86400,313,normal,0,7,01:04:54,SchedBackfill;StartReceived
1003,5692,test_user4-TdI6,8,2025-08-01T19:04:50,2025-08-01T20:14:50,2025-08-01T20:19:53,COMPLETED,86400,303,normal,0,4,01:10:00,SchedMain;StartReceived
1005,5694,test_user6-PsLP,9,2025-08-01T19:04:50,2025-08-01T20:16:50,2025-08-01T20:20:01,COMPLETED,86400,191,normal,0,9,01:12:00,SchedMain;StartReceived
1002,5695,test_user3-iyxX,10,2025-08-01T19:04:50,2025-08-01T20:16:08,2025-08-01T20:23:07,COMPLETED,86400,419,normal,0,4,01:11:18,SchedBackfill;StartReceived
1001,5696,test_user2-2HIz,10,2025-08-01T19:04:50,2025-08-01T20:20:01,2025-08-01T20:30:07,TIMEOUT,86400,606,normal,0,10,01:15:11,SchedMain;StartReceived
1000,5697,test_user1-gZMY,4,2025-08-01T19:04:50,2025-08-01T20:23:07,2025-08-01T20:27:07,TIMEOUT,86400,240,normal,0,6,01:18:17,SchedMain;StartReceived
1008,5700,test_user9-YMmO,10,2025-08-01T19:04:51,2025-08-01T20:23:41,2025-08-01T20:31:45,COMPLETED,86400,484,normal,0,4,01:18:50,SchedMain;StartReceived
1007,5701,test_user8-rvBU,10,2025-08-01T19:04:51,2025-08-01T20:27:10,2025-08-01T20:33:32,COMPLETED,86400,382,normal,0,3,01:22:19,SchedMain;StartReceived
1002,5702,test_user3-nkOS,6,2025-08-01T19:06:00,2025-08-01T20:27:10,2025-08-01T20:33:37,TIMEOUT,86400,387,normal,0,3,01:21:10,SchedMain;StartReceived
1005,5703,test_user6-imch,8,2025-08-01T19:06:12,2025-08-01T19:06:16,2025-08-01T19:13:08,COMPLETED,172800,412,high,0,6,00:00:04,SchedMain;StartReceived
1016,5704,test_user17-QmTu,1,2025-08-01T19:06:14,2025-08-01T20:30:10,2025-08-01T20:31:37,TIMEOUT,86400,87,normal,0,7,01:23:56,SchedMain;StartReceived
1012,5683,test_user13-g19S,8,2025-08-01T19:06:16,2025-08-01T20:42:01,2025-08-01T20:44:55,COMPLETED,86400,174,normal,1,5,01:33:44,SchedMain;StartReceived
1000,5705,test_user1-E0aS,10,2025-08-01T19:06:21,2025-08-01T20:31:41,2025-08-01T20:34:06,COMPLETED,86400,145,normal,0,5,01:25:20,SchedMain;StartReceived
1012,5706,test_user13-5qEa,5,2025-08-01T19:06:31,2025-08-01T20:33:10,2025-08-01T20:35:39,COMPLETED,86400,149,normal,0,7,01:26:39,SchedMain;StartReceived
1007,5708,test_user8-krc5,7,2025-08-01T19:06:53,2025-08-01T20:33:40,2025-08-01T20:37:56,COMPLETED,86400,256,normal,0,6,01:26:47,SchedMain;StartReceived
1013,5709,test_user14-YQM3,8,2025-08-01T19:07:14,2025-08-01T20:34:06,2025-08-01T20:42:00,COMPLETED,86400,474,normal,0,6,01:26:52,SchedMain;StartReceived
1008,5710,test_user9-y0g8,3,2025-08-01T19:07:34,2025-08-01T19:46:06,2025-08-01T19:49:06,TIMEOUT,86400,180,normal,0,4,00:38:32,SchedBackfill;StartReceived
1010,5711,test_user11-GJWB,4,2025-08-01T19:07:37,2025-08-01T20:36:38,2025-08-01T20:39:13,COMPLETED,86400,155,normal,0,8,01:29:01,SchedMain;StartReceived
1017,5712,test_user18-kre9,3,2025-08-01T19:07:37,2025-08-01T20:39:41,2025-08-01T20:41:54,COMPLETED,86400,133,normal,0,9,01:32:04,SchedMain;StartReceived
1001,5713,test_user2-fJ6L,4,2025-08-01T19:07:39,2025-08-01T20:12:37,2025-08-01T20:15:45,COMPLETED,86400,188,normal,0,3,01:04:58,SchedBackfill;StartReceived
1005,5714,test_user6-S0ya,10,2025-08-01T19:07:44,2025-08-01T20:41:54,2025-08-01T20:48:36,COMPLETED,86400,402,normal,0,9,01:34:10,SchedMain;StartReceived
1000,5715,test_user1-sVpG,9,2025-08-01T19:07:56,2025-08-01T19:08:00,2025-08-01T19:16:07,COMPLETED,172800,487,high,0,10,00:00:04,SchedMain;StartReceived
1019,5686,test_user20-VwHn,6,2025-08-01T19:08:00,2025-08-01T20:54:10,2025-08-01T20:59:43,COMPLETED,86400,333,normal,1,5,01:44:09,SchedBackfill;StartReceived
1015,5687,test_user16-EOr2,6,2025-08-01T19:08:00,2025-08-01T20:59:53,2025-08-01T21:02:39,COMPLETED,86400,166,normal,1,6,01:49:52,SchedMain;StartReceived
1004,5716,test_user5-ziBN,1,2025-08-01T19:08:23,2025-08-01T19:13:40,2025-08-01T19:15:06,TIMEOUT,172800,86,high,0,9,00:05:17,SchedMain;StartReceived
1006,5717,test_user7-P6tO,5,2025-08-01T19:08:25,2025-08-01T20:48:37,2025-08-01T20:53:37,TIMEOUT,86400,300,normal,0,10,01:40:12,SchedMain;StartReceived
1003,5719,test_user4-DX0b,9,2025-08-01T19:08:42,2025-08-01T20:40:09,2025-08-01T20:49:35,TIMEOUT,86400,566,normal,0,1,01:31:27,SchedBackfill;StartReceived
1016,5720,test_user17-UqE0,1,2025-08-01T19:08:48,2025-08-01T20:45:09,2025-08-01T20:46:37,TIMEOUT,86400,88,normal,0,8,01:36:21,SchedBackfill;StartReceived
1009,5721,test_user10-8JFB,4,2025-08-01T19:08:53,2025-08-01T19:09:05,2025-08-01T19:11:59,COMPLETED,86400,174,normal,0,1,00:00:12,SchedBackfill;StartReceived
1007,5722,test_user8-MEIq,1,2025-08-01T19:08:55,2025-08-01T20:49:59,2025-08-01T20:51:07,TIMEOUT,86400,68,normal,0,10,01:41:04,SchedMain;StartReceived
1008,5723,test_user9-I8Gz,5,2025-08-01T19:08:58,2025-08-01T20:51:10,2025-08-01T20:53:26,COMPLETED,86400,136,normal,0,6,01:42:12,SchedMain;StartReceived
1014,5724,test_user15-T0rL,10,2025-08-01T19:09:00,2025-08-01T20:53:26,2025-08-01T21:01:18,COMPLETED,86400,472,normal,0,5,01:44:26,SchedMain;StartReceived
1019,5725,test_user20-ip0U,5,2025-08-01T19:09:01,2025-08-01T20:53:41,2025-08-01T20:56:18,COMPLETED,86400,157,normal,0,10,01:44:40,SchedMain;StartReceived
1011,5727,test_user12-xoNw,8,2025-08-01T19:09:22,2025-08-01T20:56:18,2025-08-01T21:00:46,COMPLETED,86400,268,normal,0,7,01:46:56,SchedMain;StartReceived
1001,5728,test_user2-mS8e,3,2025-08-01T19:09:39,2025-08-01T20:04:07,2025-08-01T20:07:07,TIMEOUT,86400,180,normal,0,4,00:54:28,SchedBackfill;StartReceived
1010,5729,test_user11-I9lB,4,2025-08-01T19:09:57,2025-08-01T20:40:39,2025-08-01T20:44:43,TIMEOUT,86400,244,normal,0,3,01:30:42,SchedBackfill;StartReceived
1017,5730,test_user18-uLSO,8,2025-08-01T19:10:06,2025-08-01T21:00:46,2025-08-01T21:05:34,COMPLETED,86400,288,normal,0,7,01:50:40,SchedMain;StartReceived
1002,5731,test_user3-EHnU,9,2025-08-01T19:10:07,2025-08-01T21:01:41,2025-08-01T21:04:42,COMPLETED,86400,181,normal,0,6,01:51:34,SchedMain;StartReceived
1003,5732,test_user4-vUPW,3,2025-08-01T19:10:26,2025-08-01T21:07:14,2025-08-01T21:09:56,COMPLETED,86400,162,normal,0,9,01:56:48,SchedMain;StartReceived
1015,5733,test_user16-qbCK,6,2025-08-01T19:10:33,2025-08-01T21:02:40,2025-08-01T21:05:48,COMPLETED,86400,188,normal,0,4,01:52:07,SchedBackfill;StartReceived
1004,5734,test_user5-J0H3,6,2025-08-01T19:10:40,2025-08-01T21:07:40,2025-08-01T21:14:07,TIMEOUT,86400,387,normal,0,6,01:57:00,SchedMain;StartReceived
1013,5735,test_user14-M2lQ,7,2025-08-01T19:10:44,2025-08-01T19:15:10,2025-08-01T19:18:54,COMPLETED,172800,224,high,0,4,00:04:26,SchedMain;StartReceived
1001,5736,test_user2-IUqx,3,2025-08-01T19:10:59,2025-08-01T21:09:56,2025-08-01T21:12:18,COMPLETED,86400,142,normal,0,8,01:58:57,SchedMain;StartReceived
1012,5737,test_user13-5iqS,2,2025-08-01T19:11:05,2025-08-01T19:11:35,2025-08-01T19:13:36,TIMEOUT,172800,121,high,0,3,00:00:30,SchedBackfill;StartReceived
1018,5718,test_user19-6O7g,2,2025-08-01T19:11:09,2025-08-01T20:05:37,2025-08-01T20:07:37,TIMEOUT,86400,120,normal,1,3,00:52:27,SchedBackfill;StartReceived
1002,5738,test_user3-vcUB,2,2025-08-01T19:11:10,2025-08-01T21:05:10,2025-08-01T21:07:37,TIMEOUT,86400,147,normal,0,7,01:54:00,SchedBackfill;StartReceived
1007,5739,test_user8-scD0,10,2025-08-01T19:11:22,2025-08-01T21:12:18,2025-08-01T21:16:40,COMPLETED,86400,262,normal,0,7,02:00:56,SchedMain;StartReceived
1009,5740,test_user10-lPWc,3,2025-08-01T19:11:40,2025-08-01T19:41:06,2025-08-01T19:43:15,COMPLETED,86400,129,normal,0,2,00:29:26,SchedBackfill;StartReceived
1001,5741,test_user2-75TT,8,2025-08-01T19:11:59,2025-08-01T21:13:41,2025-08-01T21:21:48,TIMEOUT,86400,487,normal,0,7,02:01:42,SchedMain;StartReceived
1000,5742,test_user1-FqYn,9,2025-08-01T19:12:05,2025-08-01T19:16:07,2025-08-01T19:21:34,COMPLETED,172800,327,high,0,8,00:04:02,SchedMain;StartReceived
1006,5743,test_user7-i0Dn,6,2025-08-01T19:12:06,2025-08-01T21:14:11,2025-08-01T21:20:37,TIMEOUT,86400,386,normal,0,6,02:02:05,SchedMain;StartReceived
1019,5744,test_user20-kaQj,9,2025-08-01T19:12:10,2025-08-01T19:15:35,2025-08-01T19:20:16,COMPLETED,172800,281,high,0,2,00:03:25,SchedBackfill;StartReceived
1017,5745,test_user18-GMcW,10,2025-08-01T19:12:11,2025-08-01T21:16:41,2025-08-01T21:26:36,COMPLETED,86400,595,normal,0,7,02:04:30,SchedMain;StartReceived
1005,5746,test_user6-145K,4,2025-08-01T19:12:37,2025-08-01T19:50:06,2025-08-01T19:52:54,COMPLETED,86400,168,normal,0,2,00:37:29,SchedBackfill;StartReceived
1011,5747,test_user12-MjNP,9,2025-08-01T19:12:45,2025-08-01T21:21:48,2025-08-01T21:26:30,COMPLETED,86400,282,normal,0,8,02:09:03,SchedMain;StartReceived
1004,5748,test_user5-tssf,2,2025-08-01T19:12:55,2025-08-01T19:14:05,2025-08-01T19:16:06,TIMEOUT,86400,121,normal,0,1,00:01:10,SchedBackfill;StartReceived
1002,5749,test_user3-6gtN,4,2025-08-01T19:12:56,2025-08-01T21:06:11,2025-08-01T21:09:04,COMPLETED,86400,173,normal,0,3,01:53:15,SchedBackfill;StartReceived
1013,5750,test_user14-i5Ms,3,2025-08-01T19:13:02,2025-08-01T21:26:30,2025-08-01T21:29:29,COMPLETED,86400,179,normal,0,7,02:13:28,SchedMain;StartReceived
1016,5751,test_user17-nEhG,7,2025-08-01T19:13:02,2025-08-01T20:03:37,2025-08-01T20:06:33,COMPLETED,86400,176,normal,0,1,00:50:35,SchedBackfill;StartReceived
1003,5752,test_user4-SAUC,6,2025-08-01T19:13:12,2025-08-01T21:22:11,2025-08-01T21:27:19,COMPLETED,86400,308,normal,0,2,02:08:59,SchedBackfill;StartReceived
1001,5753,test_user2-rpbq,3,2025-08-01T19:13:20,2025-08-01T21:28:11,2025-08-01T21:31:37,TIMEOUT,86400,206,normal,0,10,02:14:51,SchedMain;StartReceived
1018,5754,test_user19-qyP2,9,2025-08-01T19:13:21,2025-08-01T21:02:10,2025-08-01T21:07:14,COMPLETED,86400,304,normal,0,1,01:48:49,SchedBackfill;StartReceived
1014,5755,test_user15-lt6t,4,2025-08-01T19:13:33,2025-08-01T21:29:29,2025-08-01T21:32:57,COMPLETED,86400,208,normal,0,6,02:15:56,SchedMain;StartReceived
1008,5756,test_user9-lLjL,8,2025-08-01T19:13:34,2025-08-01T21:31:41,2025-08-01T21:39:49,TIMEOUT,86400,488,normal,0,5,02:18:07,SchedMain;StartReceived
1005,5757,test_user6-qQUk,1,2025-08-01T19:13:57,2025-08-01T20:20:08,2025-08-01T20:21:37,TIMEOUT,86400,89,normal,0,4,01:06:11,SchedBackfill;StartReceived
1009,5758,test_user10-QLsa,3,2025-08-01T19:13:59,2025-08-01T20:38:09,2025-08-01T20:40:12,COMPLETED,86400,123,normal,0,3,01:24:10,SchedBackfill;StartReceived
1010,5759,test_user11-xlbP,10,2025-08-01T19:14:03,2025-08-01T21:33:10,2025-08-01T21:37:51,COMPLETED,86400,281,normal,0,10,02:19:07,SchedMain;StartReceived
1003,5760,test_user4-Ximd,2,2025-08-01T19:14:37,2025-08-01T19:19:05,2025-08-01T19:21:06,TIMEOUT,86400,121,normal,0,1,00:04:28,SchedBackfill;StartReceived
1015,5761,test_user16-5HFf,9,2025-08-01T19:14:38,2025-08-01T21:05:10,2025-08-01T21:12:54,COMPLETED,86400,464,normal,0,1,01:50:32,SchedBackfill;StartReceived
1013,5762,test_user14-3juc,8,2025-08-01T19:14:48,2025-08-01T19:18:58,2025-08-01T19:25:07,COMPLETED,172800,369,high,0,7,00:04:10,SchedMain;StartReceived
1009,5763,test_user10-KWPA,3,2025-08-01T19:15:15,2025-08-01T21:10:11,2025-08-01T21:13:37,TIMEOUT,86400,206,normal,0,5,01:54:56,SchedBackfill;StartReceived
1000,5764,test_user1-uGjE,7,2025-08-01T19:15:18,2025-08-01T21:37:51,2025-08-01T21:43:33,COMPLETED,86400,342,normal,0,10,02:22:33,SchedMain;StartReceived
1004,5765,test_user5-WHEJ,3,2025-08-01T19:15:27,2025-08-01T21:39:49,2025-08-01T21:43:07,TIMEOUT,86400,198,normal,0,6,02:24:22,SchedMain;StartReceived
1002,5767,test_user3-geGY,8,2025-08-01T19:15:33,2025-08-01T21:43:10,2025-08-01T21:49:58,COMPLETED,86400,408,normal,0,8,02:27:37,SchedMain;StartReceived
1007,5768,test_user8-5uF8,5,2025-08-01T19:15:37,2025-08-01T21:43:33,2025-08-01T21:48:37,TIMEOUT,86400,304,normal,0,9,02:27:56,SchedMain;StartReceived
1006,5769,test_user7-9sWr,7,2025-08-01T19:15:58,2025-08-01T21:48:40,2025-08-01T21:51:30,COMPLETED,86400,170,normal,0,9,02:32:42,SchedMain;StartReceived
1015,5770,test_user16-Z8sb,7,2025-08-01T19:16:00,2025-08-01T21:49:58,2025-08-01T21:56:59,TIMEOUT,86400,421,normal,0,8,02:33:58,SchedMain;StartReceived
1013,5771,test_user14-mD0t,9,2025-08-01T19:16:01,2025-08-01T21:51:30,2025-08-01T21:59:54,COMPLETED,86400,504,normal,0,5,02:35:29,SchedMain;StartReceived
1017,5772,test_user18-DRCi,2,2025-08-01T19:16:27,2025-08-01T19:21:34,2025-08-01T19:23:36,TIMEOUT,172800,122,high,0,9,00:05:07,SchedMain;StartReceived
1010,5773,test_user11-iGQK,10,2025-08-01T19:16:38,2025-08-01T21:54:26,2025-08-01T22:03:18,COMPLETED,86400,532,normal,0,6,02:37:48,SchedMain;StartReceived
1005,5774,test_user6-2nPd,1,2025-08-01T19:16:40,2025-08-01T20:47:10,2025-08-01T20:48:38,TIMEOUT,86400,88,normal,0,7,01:30:30,SchedBackfill;StartReceived
1011,5775,test_user12-CQ3R,7,2025-08-01T19:16:51,2025-08-01T19:17:35,2025-08-01T19:21:09,COMPLETED,172800,214,high,0,2,00:00:44,SchedBackfill;StartReceived
1019,5776,test_user20-HIp7,4,2025-08-01T19:16:57,2025-08-01T19:23:40,2025-08-01T19:27:59,TIMEOUT,172800,259,high,0,5,00:06:43,SchedMain;StartReceived
1006,5693,test_user7-8jts,10,2025-08-01T19:17:09,2025-08-01T21:22:11,2025-08-01T21:25:41,COMPLETED,86400,210,normal,1,2,02:03:01,SchedBackfill;StartReceived
1000,5777,test_user1-pbL3,2,2025-08-01T19:17:12,2025-08-01T21:31:42,2025-08-01T21:33:44,TIMEOUT,86400,122,normal,0,5,02:14:30,SchedBackfill;StartReceived
1018,5778,test_user19-WsgJ,7,2025-08-01T19:17:24,2025-08-01T21:56:59,2025-08-01T22:01:54,COMPLETED,86400,295,normal,0,5,02:39:35,SchedMain;StartReceived
1008,5779,test_user9-k9Un,6,2025-08-01T19:17:28,2025-08-01T20:03:37,2025-08-01T20:08:54,COMPLETED,86400,317,normal,0,1,00:46:09,SchedBackfill;StartReceived
1004,5780,test_user5-WAAl,8,2025-08-01T19:17:42,2025-08-01T21:56:59,2025-08-01T22:01:16,COMPLETED,86400,257,normal,0,3,02:39:17,SchedMain;StartReceived
1001,5781,test_user2-twvL,3,2025-08-01T19:17:45,2025-08-01T22:01:54,2025-08-01T22:05:07,TIMEOUT,86400,193,normal,0,7,02:44:09,SchedMain;StartReceived
1014,5782,test_user15-PAQG,4,2025-08-01T19:17:46,2025-08-01T19:23:44,2025-08-01T19:26:00,COMPLETED,172800,136,high,0,7,00:05:58,SchedMain;StartReceived
1016,5783,test_user17-Vm5w,2,2025-08-01T19:17:58,2025-08-01T19:35:36,2025-08-01T19:37:36,TIMEOUT,86400,120,normal,0,1,00:17:38,SchedBackfill;StartReceived
1005,5784,test_user6-DfLs,6,2025-08-01T19:18:08,2025-08-01T22:03:41,2025-08-01T22:06:18,COMPLETED,86400,157,normal,0,9,02:45:33,SchedMain;StartReceived
1007,5785,test_user8-qcVv,1,2025-08-01T19:18:20,2025-08-01T19:21:35,2025-08-01T19:22:36,TIMEOUT,86400,61,normal,0,1,00:03:15,SchedBackfill;StartReceived
1000,5786,test_user1-HMnG,2,2025-08-01T19:18:22,2025-08-01T20:30:39,2025-08-01T20:33:07,TIMEOUT,86400,148,normal,0,3,01:12:17,SchedBackfill;StartReceived
1015,5787,test_user16-ENjp,8,2025-08-01T19:18:28,2025-08-01T22:05:11,2025-08-01T22:13:37,TIMEOUT,86400,506,normal,0,7,02:46:43,SchedMain;StartReceived
1012,5788,test_user13-kf5i,10,2025-08-01T19:18:35,2025-08-01T22:06:18,2025-08-01T22:12:38,COMPLETED,86400,380,normal,0,9,02:47:43,SchedMain;StartReceived
1009,5789,test_user10-HdNz,9,2025-08-01T19:18:57,2025-08-01T22:05:13,2025-08-01T22:07:52,COMPLETED,86400,159,normal,0,3,02:46:16,SchedBackfill;StartReceived
1009,5699,test_user10-3zpl,3,2025-08-01T19:18:58,2025-08-01T22:00:13,2025-08-01T22:03:37,TIMEOUT,86400,204,normal,1,4,02:39:14,SchedBackfill;StartReceived
1004,5790,test_user5-rS5X,4,2025-08-01T19:19:13,2025-08-01T19:25:07,2025-08-01T19:28:38,COMPLETED,172800,211,high,0,7,00:05:54,SchedMain;StartReceived
1013,5791,test_user14-nsmC,2,2025-08-01T19:19:19,2025-08-01T21:34:12,2025-08-01T21:36:16,TIMEOUT,86400,124,normal,0,5,02:14:53,SchedBackfill;StartReceived
1003,5792,test_user4-yhGT,6,2025-08-01T19:19:29,2025-08-01T21:44:12,2025-08-01T21:50:37,TIMEOUT,86400,385,normal,0,3,02:24:43,SchedBackfill;StartReceived
1011,5793,test_user12-lWNR,4,2025-08-01T19:19:29,2025-08-01T21:38:12,2025-08-01T21:41:21,COMPLETED,86400,189,normal,0,4,02:18:43,SchedBackfill;StartReceived
1010,5794,test_user11-26z4,8,2025-08-01T19:19:37,2025-08-01T22:12:38,2025-08-01T22:21:07,TIMEOUT,86400,509,normal,0,9,02:53:01,SchedMain;StartReceived
1016,5795,test_user17-sPpN,9,2025-08-01T19:19:43,2025-08-01T22:12:40,2025-08-01T22:18:41,COMPLETED,86400,361,normal,0,3,02:52:57,SchedMain;StartReceived
1005,5796,test_user6-eLif,4,2025-08-01T19:19:51,2025-08-01T22:20:11,2025-08-01T22:23:07,COMPLETED,86400,176,normal,0,9,03:00:20,SchedMain;StartReceived
1007,5797,test_user8-1ULM,5,2025-08-01T19:19:54,2025-08-01T22:21:11,2025-08-01T22:25:24,COMPLETED,86400,253,normal,0,10,03:01:17,SchedMain;StartReceived
1006,5798,test_user7-9XYh,1,2025-08-01T19:19:55,2025-08-01T20:22:08,2025-08-01T20:23:37,TIMEOUT,86400,89,normal,0,4,01:02:13,SchedBackfill;StartReceived
1000,5799,test_user1-9S7b,6,2025-08-01T19:20:02,2025-08-01T22:13:43,2025-08-01T22:18:41,COMPLETED,86400,298,normal,0,5,02:53:41,SchedBackfill;StartReceived
1012,5800,test_user13-G38s,8,2025-08-01T19:20:09,2025-08-01T22:23:07,2025-08-01T22:29:11,COMPLETED,86400,364,normal,0,6,03:02:58,SchedMain;StartReceived
1002,5801,test_user3-bJ1l,3,2025-08-01T19:20:28,2025-08-01T19:26:04,2025-08-01T19:29:07,TIMEOUT,172800,183,high,0,8,00:05:36,SchedMain;StartReceived
1019,5802,test_user20-Ego8,5,2025-08-01T19:20:30,2025-08-01T22:14:44,2025-08-01T22:20:07,TIMEOUT,86400,323,normal,0,3,02:54:14,SchedBackfill;StartReceived
1013,5803,test_user14-S5Ly,7,2025-08-01T19:20:34,2025-08-01T22:25:24,2025-08-01T22:28:32,COMPLETED,86400,188,normal,0,5,03:04:50,SchedMain;StartReceived
1001,5804,test_user2-BPR2,1,2025-08-01T19:20:44,2025-08-01T19:29:35,2025-08-01T19:30:36,TIMEOUT,86400,61,normal,0,1,00:08:51,SchedBackfill;StartReceived
1004,5805,test_user5-tV42,4,2025-08-01T19:21:08,2025-08-01T19:41:06,2025-08-01T19:43:18,COMPLETED,86400,132,normal,0,1,00:19:58,SchedBackfill;StartReceived
1017,5806,test_user18-qaFW,1,2025-08-01T19:21:27,2025-08-01T21:05:41,2025-08-01T21:07:07,TIMEOUT,86400,86,normal,0,5,01:44:14,SchedBackfill;StartReceived
1014,5807,test_user15-Dlzb,1,2025-08-01T19:21:44,2025-08-01T21:26:41,2025-08-01T21:28:07,TIMEOUT,86400,86,normal,0,7,02:04:57,SchedBackfill;StartReceived
1003,5808,test_user4-X0rs,8,2025-08-01T19:21:52,2025-08-01T22:25:24,2025-08-01T22:30:59,COMPLETED,86400,335,normal,0,9,03:03:32,SchedMain;StartReceived
1018,5809,test_user19-Om57,1,2025-08-01T19:21:53,2025-08-01T20:51:40,2025-08-01T20:53:07,TIMEOUT,86400,87,normal,0,4,01:29:47,SchedBackfill;StartReceived
1008,5810,test_user9-Voc7,9,2025-08-01T19:22:07,2025-08-01T22:28:32,2025-08-01T22:34:37,COMPLETED,86400,365,normal,0,3,03:06:25,SchedMain;StartReceived
1010,5811,test_user11-8zOh,5,2025-08-01T19:22:15,2025-08-01T19:28:38,2025-08-01T19:32:43,COMPLETED,172800,245,high,0,8,00:06:23,SchedMain;StartReceived
1015,5812,test_user16-lZZT,2,2025-08-01T19:22:25,2025-08-01T22:30:59,2025-08-01T22:33:07,TIMEOUT,86400,128,normal,0,9,03:08:34,SchedMain;StartReceived
1013,5813,test_user14-ik6X,4,2025-08-01T19:22:36,2025-08-01T22:31:59,2025-08-01T22:36:07,TIMEOUT,86400,248,normal,0,5,03:09:23,SchedMain;StartReceived
1019,5814,test_user20-s0Sf,2,2025-08-01T19:22:46,2025-08-01T22:33:10,2025-08-01T22:35:24,TIMEOUT,86400,134,normal,0,10,03:10:24,SchedMain;StartReceived
1016,5815,test_user17-dORz,10,2025-08-01T19:22:55,2025-08-01T21:50:43,2025-08-01T21:57:47,COMPLETED,86400,424,normal,0,1,02:27:48,SchedBackfill;StartReceived
1000,5816,test_user1-XS38,3,2025-08-01T19:22:56,2025-08-01T22:35:24,2025-08-01T22:38:37,TIMEOUT,86400,193,normal,0,9,03:12:28,SchedMain;StartReceived
1011,5817,test_user12-xmvp,10,2025-08-01T19:23:00,2025-08-01T22:35:24,2025-08-01T22:41:46,COMPLETED,86400,382,normal,0,4,03:12:24,SchedMain;StartReceived
1018,5818,test_user19-9dY6,4,2025-08-01T19:23:04,2025-08-01T22:38:40,2025-08-01T22:42:19,COMPLETED,86400,219,normal,0,10,03:15:35,SchedMain;StartReceived
1006,5819,test_user7-BRer,5,2025-08-01T19:23:05,2025-08-01T19:29:10,2025-08-01T19:32:24,COMPLETED,172800,194,high,0,5,00:06:05,SchedMain;StartReceived
1002,5820,test_user3-SDqt,2,2025-08-01T19:23:06,2025-08-01T19:32:43,2025-08-01T19:35:06,TIMEOUT,172800,143,high,0,8,00:09:37,SchedMain;StartReceived
1004,5821,test_user5-kdqR,3,2025-08-01T19:23:07,2025-08-01T22:29:14,2025-08-01T22:31:59,COMPLETED,86400,165,normal,0,5,03:06:07,SchedBackfill;StartReceived
1009,5822,test_user10-Gf5T,2,2025-08-01T19:23:19,2025-08-01T19:29:35,2025-08-01T19:31:36,TIMEOUT,172800,121,high,0,3,00:06:16,SchedBackfill;StartReceived
1010,5823,test_user11-HO3d,9,2025-08-01T19:23:26,2025-08-01T19:32:05,2025-08-01T19:35:08,COMPLETED,172800,183,high,0,5,00:08:39,SchedBackfill;StartReceived
1015,5824,test_user16-1gTX,9,2025-08-01T19:23:32,2025-08-01T22:03:13,2025-08-01T22:05:47,COMPLETED,86400,154,normal,0,1,02:39:41,SchedBackfill;StartReceived
1015,5726,test_user16-QuG3,4,2025-08-01T19:23:44,2025-08-01T19:53:06,2025-08-01T19:56:48,COMPLETED,86400,222,normal,1,2,00:27:21,SchedBackfill;StartReceived
1005,5825,test_user6-u6UR,7,2025-08-01T19:24:18,2025-08-01T20:17:08,2025-08-01T20:22:37,COMPLETED,86400,329,normal,0,1,00:52:50,SchedBackfill;StartReceived
1007,5826,test_user8-4JmJ,4,2025-08-01T19:24:25,2025-08-01T22:38:40,2025-08-01T22:42:34,COMPLETED,86400,234,normal,0,4,03:14:15,SchedMain;StartReceived
1013,5827,test_user14-jkfT,8,2025-08-01T19:24:33,2025-08-01T22:33:14,2025-08-01T22:36:33,COMPLETED,86400,199,normal,0,2,03:08:41,SchedBackfill;StartReceived
1019,5828,test_user20-O5zN,7,2025-08-01T19:24:42,2025-08-01T22:42:19,2025-08-01T22:48:28,COMPLETED,86400,369,normal,0,9,03:17:37,SchedMain;StartReceived
1009,5829,test_user10-JZCG,4,2025-08-01T19:24:49,2025-08-01T22:42:34,2025-08-01T22:45:43,COMPLETED,86400,189,normal,0,7,03:17:45,SchedMain;StartReceived
1012,5830,test_user13-UMQ1,9,2025-08-01T19:24:55,2025-08-01T22:45:43,2025-08-01T22:52:04,COMPLETED,86400,381,normal,0,5,03:20:48,SchedMain;StartReceived
1003,5831,test_user4-zqmQ,8,2025-08-01T19:25:00,2025-08-01T22:06:13,2025-08-01T22:14:37,TIMEOUT,86400,504,normal,0,1,02:41:13,SchedBackfill;StartReceived
1014,5832,test_user15-tV2t,6,2025-08-01T19:25:02,2025-08-01T22:48:28,2025-08-01T22:54:01,COMPLETED,86400,333,normal,0,8,03:23:26,SchedMain;StartReceived
1001,5833,test_user2-vlbO,10,2025-08-01T19:25:11,2025-08-01T22:54:01,2025-08-01T23:04:07,TIMEOUT,86400,606,normal,0,8,03:28:50,SchedMain;StartReceived
1016,5834,test_user17-2tDl,9,2025-08-01T19:25:46,2025-08-01T22:42:14,2025-08-01T22:49:40,COMPLETED,86400,446,normal,0,3,03:16:28,SchedBackfill;StartReceived
1004,5835,test_user5-UkPj,6,2025-08-01T19:25:59,2025-08-01T22:49:45,2025-08-01T22:56:04,TIMEOUT,86400,379,normal,0,5,03:23:46,SchedBackfill;StartReceived
1012,5766,test_user13-Cz86,6,2025-08-01T19:26:04,2025-08-01T20:15:08,2025-08-01T20:19:42,COMPLETED,86400,274,normal,1,1,00:47:03,SchedBackfill;StartReceived
1009,5836,test_user10-6pci,6,2025-08-01T19:26:06,2025-08-01T21:25:41,2025-08-01T21:30:27,COMPLETED,86400,286,normal,0,2,01:59:35,SchedBackfill;StartReceived
1008,5837,test_user9-Bx4v,7,2025-08-01T19:26:18,2025-08-01T22:52:15,2025-08-01T22:59:37,TIMEOUT,86400,442,normal,0,5,03:25:57,SchedBackfill;StartReceived
1015,5838,test_user16-a85m,9,2025-08-01T19:26:22,2025-08-01T22:59:40,2025-08-01T23:07:06,COMPLETED,86400,446,normal,0,9,03:33:18,SchedMain;StartReceived
1017,5839,test_user18-7yWL,3,2025-08-01T19:26:27,2025-08-01T23:04:11,2025-08-01T23:06:54,COMPLETED,86400,163,normal,0,10,03:37:44,SchedMain;StartReceived
1014,5840,test_user15-twI0,2,2025-08-01T19:26:50,2025-08-01T19:29:35,2025-08-01T19:31:36,TIMEOUT,172800,121,high,0,1,00:02:45,SchedBackfill;StartReceived
1010,5841,test_user11-7htl,3,2025-08-01T19:26:50,2025-08-01T20:56:40,2025-08-01T20:59:53,TIMEOUT,86400,193,normal,0,3,01:29:50,SchedBackfill;StartReceived
1013,5842,test_user14-C0BY,2,2025-08-01T19:26:56,2025-08-01T22:56:15,2025-08-01T22:58:37,TIMEOUT,86400,142,normal,0,7,03:29:19,SchedBackfill;StartReceived
1002,5843,test_user3-dDC5,1,2025-08-01T19:26:57,2025-08-01T23:06:54,2025-08-01T23:08:07,TIMEOUT,86400,73,normal,0,10,03:39:57,SchedMain;StartReceived
1000,5844,test_user1-86nq,8,2025-08-01T19:27:00,2025-08-01T23:07:06,2025-08-01T23:12:19,COMPLETED,86400,313,normal,0,9,03:40:06,SchedMain;StartReceived
1018,5845,test_user19-uPHW,4,2025-08-01T19:27:22,2025-08-01T23:08:11,2025-08-01T23:12:32,TIMEOUT,86400,261,normal,0,8,03:40:49,SchedMain;StartReceived
1019,5846,test_user20-goBn,6,2025-08-01T19:27:28,2025-08-01T19:32:05,2025-08-01T19:38:06,TIMEOUT,172800,361,high,0,2,00:04:37,SchedBackfill;StartReceived
1005,5847,test_user6-sitA,9,2025-08-01T19:27:29,2025-08-01T23:12:19,2025-08-01T23:14:37,COMPLETED,86400,138,normal,0,6,03:44:50,SchedMain;StartReceived
1006,5848,test_user7-anzw,7,2025-08-01T19:27:32,2025-08-01T23:12:32,2025-08-01T23:17:16,COMPLETED,86400,284,normal,0,8,03:45:00,SchedMain;StartReceived
1017,5849,test_user18-bZYY,2,2025-08-01T19:27:34,2025-08-01T19:43:36,2025-08-01T19:45:36,TIMEOUT,86400,120,normal,0,1,00:16:02,SchedBackfill;StartReceived
1008,5850,test_user9-0TbX,5,2025-08-01T19:27:47,2025-08-01T23:16:11,2025-08-01T23:20:13,COMPLETED,86400,242,normal,0,8,03:48:24,SchedMain;StartReceived
1003,5851,test_user4-MV0K,1,2025-08-01T19:27:53,2025-08-01T20:38:09,2025-08-01T20:39:37,TIMEOUT,86400,88,normal,0,3,01:10:16,SchedBackfill;StartReceived
1011,5852,test_user12-SSg1,2,2025-08-01T19:27:54,2025-08-01T23:17:16,2025-08-01T23:19:37,TIMEOUT,86400,141,normal,0,9,03:49:22,SchedMain;StartReceived
1012,5853,test_user13-nr0X,4,2025-08-01T19:28:16,2025-08-01T23:19:40,2025-08-01T23:24:07,TIMEOUT,86400,267,normal,0,8,03:51:24,SchedMain;StartReceived
1007,5854,test_user8-d7Jl,8,2025-08-01T19:28:16,2025-08-01T23:20:13,2025-08-01T23:25:02,COMPLETED,86400,289,normal,0,6,03:51:57,SchedMain;StartReceived
1015,5855,test_user16-0smQ,5,2025-08-01T19:28:17,2025-08-01T22:58:45,2025-08-01T23:04:07,TIMEOUT,86400,322,normal,0,3,03:30:28,SchedBackfill;StartReceived
1000,5856,test_user1-psBw,10,2025-08-01T19:28:43,2025-08-01T23:24:10,2025-08-01T23:28:29,COMPLETED,86400,259,normal,0,10,03:55:27,SchedMain;StartReceived
1002,5857,test_user3-5lS7,8,2025-08-01T19:28:50,2025-08-01T23:25:02,2025-08-01T23:33:07,TIMEOUT,86400,485,normal,0,6,03:56:12,SchedMain;StartReceived
1011,5858,test_user12-qyd0,4,2025-08-01T19:29:01,2025-08-01T23:13:45,2025-08-01T23:15:57,COMPLETED,86400,132,normal,0,4,03:44:44,SchedBackfill;StartReceived
1018,5859,test_user19-hEd5,2,2025-08-01T19:29:09,2025-08-01T23:28:29,2025-08-01T23:30:37,TIMEOUT,86400,128,normal,0,9,03:59:20,SchedMain;StartReceived
1001,5860,test_user2-1JLT,10,2025-08-01T19:29:24,2025-08-01T19:35:10,2025-08-01T19:41:04,COMPLETED,172800,354,high,0,7,00:05:46,SchedMain;StartReceived
1015,5861,test_user16-2gdF,4,2025-08-01T19:29:31,2025-08-01T23:30:40,2025-08-01T23:32:58,COMPLETED,86400,138,normal,0,7,04:01:09,SchedMain;StartReceived
1016,5862,test_user17-X6KI,7,2025-08-01T19:29:41,2025-08-01T23:32:58,2025-08-01T23:35:29,COMPLETED,86400,151,normal,0,8,04:03:17,SchedMain;StartReceived
1010,5863,test_user11-v36A,5,2025-08-01T19:29:42,2025-08-01T20:05:07,2025-08-01T20:07:32,COMPLETED,86400,145,normal,0,1,00:35:25,SchedBackfill;StartReceived
1009,5864,test_user10-8WhC,9,2025-08-01T19:30:07,2025-08-01T23:17:16,2025-08-01T23:26:37,TIMEOUT,86400,561,normal,0,3,03:47:09,SchedBackfill;StartReceived
1004,5865,test_user5-ydzX,7,2025-08-01T19:30:08,2025-08-01T23:29:46,2025-08-01T23:35:47,COMPLETED,86400,361,normal,0,4,03:59:38,SchedBackfill;StartReceived
1018,5866,test_user19-061u,9,2025-08-01T19:30:18,2025-08-01T19:37:27,2025-08-01T19:46:00,COMPLETED,172800,513,high,0,10,00:07:09,SchedMain;StartReceived
1006,5867,test_user7-rG1q,6,2025-08-01T19:30:28,2025-08-01T23:35:30,2025-08-01T23:39:02,COMPLETED,86400,212,normal,0,9,04:05:02,SchedMain;StartReceived
1013,5868,test_user14-AjpJ,6,2025-08-01T19:30:38,2025-08-01T23:35:47,2025-08-01T23:37:56,COMPLETED,86400,129,normal,0,8,04:05:09,SchedMain;StartReceived
1014,5869,test_user15-D101,8,2025-08-01T19:30:48,2025-08-01T22:42:14,2025-08-01T22:47:06,COMPLETED,86400,292,normal,0,1,03:11:26,SchedBackfill;StartReceived
1012,5870,test_user13-DXos,7,2025-08-01T19:31:05,2025-08-01T23:35:47,2025-08-01T23:39:26,COMPLETED,86400,219,normal,0,2,04:04:42,SchedMain;StartReceived
1008,5871,test_user9-Y67P,5,2025-08-01T19:31:08,2025-08-01T23:37:56,2025-08-01T23:40:21,COMPLETED,86400,145,normal,0,6,04:06:48,SchedMain;StartReceived
1005,5872,test_user6-i6mG,8,2025-08-01T19:31:27,2025-08-01T23:39:02,2025-08-01T23:45:27,COMPLETED,86400,385,normal,0,7,04:07:35,SchedMain;StartReceived
1004,5873,test_user5-2Gfp,4,2025-08-01T19:31:39,2025-08-01T19:41:04,2025-08-01T19:44:07,COMPLETED,172800,183,high,0,7,00:09:25,SchedMain;StartReceived
1009,5874,test_user10-KTkr,10,2025-08-01T19:31:45,2025-08-01T23:39:02,2025-08-01T23:49:07,TIMEOUT,86400,605,normal,0,5,04:07:17,SchedMain;StartReceived
1019,5875,test_user20-UQas,5,2025-08-01T19:31:50,2025-08-01T19:32:36,2025-08-01T19:37:23,COMPLETED,172800,287,high,0,5,00:00:46,SchedBackfill;StartReceived
1017,5876,test_user18-aO6x,3,2025-08-01T19:32:10,2025-08-01T23:40:21,2025-08-01T23:43:26,TIMEOUT,86400,185,normal,0,6,04:08:11,SchedMain;StartReceived
1001,5877,test_user2-MsKR,5,2025-08-01T19:32:10,2025-08-01T20:44:39,2025-08-01T20:49:59,TIMEOUT,86400,320,normal,0,2,01:12:29,SchedBackfill;StartReceived
1014,5878,test_user15-vZin,5,2025-08-01T19:32:16,2025-08-01T21:02:40,2025-08-01T21:05:02,COMPLETED,86400,142,normal,0,2,01:30:24,SchedBackfill;StartReceived
1003,5879,test_user4-0F0f,4,2025-08-01T19:32:17,2025-08-01T23:45:27,2025-08-01T23:49:28,TIMEOUT,86400,241,normal,0,8,04:13:10,SchedMain;StartReceived
1015,5880,test_user16-0fmI,5,2025-08-01T19:32:18,2025-08-01T23:49:11,2025-08-01T23:54:37,TIMEOUT,86400,326,normal,0,8,04:16:53,SchedMain;StartReceived
1010,5881,test_user11-9yW9,8,2025-08-01T19:32:18,2025-08-01T23:49:28,2025-08-01T23:57:37,TIMEOUT,86400,489,normal,0,10,04:17:10,SchedMain;StartReceived
1007,5882,test_user8-B1Us,9,2025-08-01T19:32:22,2025-08-01T22:48:45,2025-08-01T22:51:22,COMPLETED,86400,157,normal,0,1,03:16:23,SchedBackfill;StartReceived
1002,5883,test_user3-jjaW,4,2025-08-01T19:32:26,2025-08-01T22:08:13,2025-08-01T22:12:37,TIMEOUT,86400,264,normal,0,3,02:35:47,SchedBackfill;StartReceived
1011,5884,test_user12-Sqs6,5,2025-08-01T19:32:45,2025-08-01T20:16:08,2025-08-01T20:21:37,TIMEOUT,86400,329,normal,0,1,00:43:23,SchedBackfill;StartReceived
1012,5885,test_user13-ia72,4,2025-08-01T19:32:49,2025-08-01T23:54:41,2025-08-01T23:57:58,COMPLETED,86400,197,normal,0,7,04:21:52,SchedMain;StartReceived
1009,5886,test_user10-cPZA,4,2025-08-01T19:32:53,2025-08-01T23:57:41,2025-08-02T00:01:58,TIMEOUT,86400,257,normal,0,7,04:24:48,SchedMain;StartReceived
1008,5887,test_user9-US70,7,2025-08-01T19:33:16,2025-08-01T23:57:58,2025-08-02T00:01:35,COMPLETED,86400,217,normal,0,8,04:24:42,SchedMain;StartReceived
1000,5888,test_user1-OFxV,7,2025-08-01T19:33:29,2025-08-01T23:49:16,2025-08-01T23:55:15,COMPLETED,86400,359,normal,0,2,04:15:47,SchedBackfill;StartReceived
1019,5889,test_user20-KW1d,1,2025-08-01T19:33:30,2025-08-01T21:31:42,2025-08-01T21:33:07,TIMEOUT,86400,85,normal,0,3,01:58:12,SchedBackfill;StartReceived
1013,5890,test_user14-8p76,3,2025-08-01T19:33:34,2025-08-01T23:45:46,2025-08-01T23:48:55,TIMEOUT,86400,189,normal,0,6,04:12:12,SchedBackfill;StartReceived
1016,5891,test_user17-IdX3,2,2025-08-01T19:33:36,2025-08-02T00:01:35,2025-08-02T00:03:37,TIMEOUT,86400,122,normal,0,8,04:27:59,SchedMain;StartReceived
1018,5892,test_user19-6O6o,1,2025-08-01T19:33:53,2025-08-01T21:36:42,2025-08-01T21:38:07,TIMEOUT,86400,85,normal,0,5,02:02:49,SchedBackfill;StartReceived
1005,5893,test_user6-C30t,6,2025-08-01T19:33:58,2025-08-01T22:36:44,2025-08-01T22:41:43,COMPLETED,86400,299,normal,0,2,03:02:46,SchedBackfill;StartReceived
1002,5894,test_user3-Zzva,3,2025-08-01T19:33:58,2025-08-02T00:01:58,2025-08-02T00:04:29,COMPLETED,86400,151,normal,0,6,04:28:00,SchedMain;StartReceived
1014,5895,test_user15-8J9n,5,2025-08-01T19:34:13,2025-08-02T00:02:11,2025-08-02T00:07:37,TIMEOUT,86400,326,normal,0,5,04:27:58,SchedMain;StartReceived
1017,5896,test_user18-JLii,6,2025-08-01T19:34:25,2025-08-01T19:44:08,2025-08-01T19:48:18,COMPLETED,172800,250,high,0,9,00:09:43,SchedMain;StartReceived
1013,5897,test_user14-dA2J,5,2025-08-01T19:34:44,2025-08-01T23:26:46,2025-08-01T23:29:22,COMPLETED,86400,156,normal,0,4,03:52:02,SchedBackfill;StartReceived
1006,5898,test_user7-Z7AQ,7,2025-08-01T19:35:01,2025-08-02T00:03:40,2025-08-02T00:09:21,COMPLETED,86400,341,normal,0,7,04:28:39,SchedMain;StartReceived
1008,5899,test_user9-1CxH,4,2025-08-01T19:35:04,2025-08-01T21:50:43,2025-08-01T21:54:26,COMPLETED,86400,223,normal,0,2,02:15:39,SchedBackfill;StartReceived
1012,5900,test_user13-1WIG,5,2025-08-01T19:35:05,2025-08-02T00:04:29,2025-08-02T00:09:04,COMPLETED,86400,275,normal,0,8,04:29:24,SchedMain;StartReceived
1010,5901,test_user11-OEVb,6,2025-08-01T19:35:08,2025-08-01T19:46:00,2025-08-01T19:49:49,COMPLETED,172800,229,high,0,5,00:10:52,SchedMain;StartReceived
1001,5902,test_user2-RxSs,5,2025-08-01T19:35:14,2025-08-01T23:55:16,2025-08-01T23:58:37,COMPLETED,86400,201,normal,0,3,04:20:02,SchedBackfill;StartReceived
1003,5903,test_user4-i1XY,10,2025-08-01T19:35:15,2025-08-02T00:09:04,2025-08-02T00:11:36,COMPLETED,86400,152,normal,0,7,04:33:49,SchedMain;StartReceived
1015,5904,test_user16-7dqG,9,2025-08-01T19:35:30,2025-08-02T00:07:47,2025-08-02T00:11:54,COMPLETED,86400,247,normal,0,4,04:32:17,SchedBackfill;StartReceived
1000,5905,test_user1-WhGp,4,2025-08-01T19:35:34,2025-08-02T00:09:21,2025-08-02T00:13:37,TIMEOUT,86400,256,normal,0,5,04:33:47,SchedMain;StartReceived
1004,5906,test_user5-jaYi,7,2025-08-01T19:35:36,2025-08-02T00:09:21,2025-08-02T00:15:44,COMPLETED,86400,383,normal,0,3,04:33:45,SchedMain;StartReceived
1005,5907,test_user6-66cc,1,2025-08-01T19:35:58,2025-08-01T19:48:18,2025-08-01T19:49:36,TIMEOUT,172800,78,high,0,10,00:12:20,SchedMain;StartReceived
1012,5908,test_user13-F9bq,2,2025-08-01T19:36:08,2025-08-01T19:38:36,2025-08-01T19:40:36,TIMEOUT,172800,120,high,0,2,00:02:28,SchedBackfill;StartReceived
1002,5909,test_user3-Ak0S,9,2025-08-01T19:36:09,2025-08-02T00:11:36,2025-08-02T00:14:31,COMPLETED,86400,175,normal,0,5,04:35:27,SchedMain;StartReceived
1009,5910,test_user10-Ky9V,7,2025-08-01T19:36:26,2025-08-01T19:49:39,2025-08-01T19:55:36,COMPLETED,172800,357,high,0,8,00:13:13,SchedMain;StartReceived
1018,5911,test_user19-jsYf,9,2025-08-01T19:36:31,2025-08-02T00:13:41,2025-08-02T00:16:28,COMPLETED,86400,167,normal,0,9,04:37:10,SchedMain;StartReceived
1011,5912,test_user12-UWh3,3,2025-08-01T19:36:45,2025-08-01T23:58:47,2025-08-02T00:02:07,TIMEOUT,86400,200,normal,0,4,04:22:02,SchedBackfill;StartReceived
1003,5913,test_user4-w5Cl,9,2025-08-01T19:36:48,2025-08-01T23:07:15,2025-08-01T23:10:40,COMPLETED,86400,205,normal,0,1,03:30:27,SchedBackfill;StartReceived
1017,5914,test_user18-6Dp0,3,2025-08-01T19:37:00,2025-08-02T00:16:11,2025-08-02T00:19:00,COMPLETED,86400,169,normal,0,9,04:39:11,SchedMain;StartReceived
1007,5915,test_user8-0dj2,8,2025-08-01T19:37:02,2025-08-02T00:16:28,2025-08-02T00:24:37,TIMEOUT,86400,489,normal,0,8,04:39:25,SchedMain;StartReceived
1013,5916,test_user14-09dX,6,2025-08-01T19:37:06,2025-08-02T00:19:00,2025-08-02T00:22:16,COMPLETED,86400,196,normal,0,7,04:41:54,SchedMain;StartReceived
1004,5698,test_user5-eb9q,2,2025-08-01T19:37:27,2025-08-02T00:32:51,2025-08-02T00:35:07,TIMEOUT,86400,136,normal,1,5,04:53:23,SchedMain;StartReceived
1019,5917,test_user20-utzj,1,2025-08-01T19:37:35,2025-08-01T23:14:45,2025-08-01T23:16:07,TIMEOUT,86400,82,normal,0,7,03:37:10,SchedBackfill;StartReceived
1016,5918,test_user17-ydAJ,8,2025-08-01T19:37:47,2025-08-02T00:22:41,2025-08-02T00:25:16,COMPLETED,86400,155,normal,0,9,04:44:54,SchedMain;StartReceived
1015,5919,test_user16-Y3Cd,1,2025-08-01T19:37:51,2025-08-01T19:38:36,2025-08-01T19:39:36,TIMEOUT,86400,60,normal,0,1,00:00:45,SchedBackfill;StartReceived
1000,5920,test_user1-LoOt,9,2025-08-01T19:38:07,2025-08-02T00:24:41,2025-08-02T00:27:31,COMPLETED,86400,170,normal,0,5,04:46:34,SchedMain;StartReceived
1002,5921,test_user3-nVX7,7,2025-08-01T19:38:17,2025-08-02T00:12:17,2025-08-02T00:15:25,COMPLETED,86400,188,normal,0,2,04:34:00,SchedBackfill;StartReceived
1006,5922,test_user7-CwSQ,7,2025-08-01T19:38:27,2025-08-02T00:24:41,2025-08-02T00:31:36,COMPLETED,86400,415,normal,0,5,04:46:14,SchedMain;StartReceived
1013,5923,test_user14-z5DB,10,2025-08-01T19:38:27,2025-08-02T00:25:16,2025-08-02T00:27:24,COMPLETED,86400,128,normal,0,6,04:46:49,SchedMain;StartReceived
1001,5924,test_user2-0fu2,3,2025-08-01T19:38:31,2025-08-01T22:00:13,2025-08-01T22:03:07,COMPLETED,86400,174,normal,0,2,02:21:42,SchedBackfill;StartReceived
1003,5925,test_user4-MgsK,1,2025-08-01T19:38:49,2025-08-02T00:27:31,2025-08-02T00:28:37,TIMEOUT,86400,66,normal,0,8,04:48:42,SchedMain;StartReceived
1014,5926,test_user15-ZYA7,10,2025-08-01T19:38:56,2025-08-02T00:27:31,2025-08-02T00:36:23,COMPLETED,86400,532,normal,0,3,04:48:35,SchedMain;StartReceived
1010,5927,test_user11-31yg,6,2025-08-01T19:38:58,2025-08-01T23:08:15,2025-08-01T23:13:41,COMPLETED,86400,326,normal,0,2,03:29:17,SchedBackfill;StartReceived
1009,5928,test_user10-ux0E,8,2025-08-01T19:39:01,2025-08-02T00:16:17,2025-08-02T00:23:58,COMPLETED,86400,461,normal,0,2,04:37:16,SchedBackfill;StartReceived
1015,5929,test_user16-hXm7,10,2025-08-01T19:39:07,2025-08-02T00:28:41,2025-08-02T00:34:32,COMPLETED,86400,351,normal,0,5,04:49:34,SchedMain;StartReceived
1019,5930,test_user20-xqgx,2,2025-08-01T19:39:13,2025-08-01T23:33:16,2025-08-01T23:35:37,TIMEOUT,86400,141,normal,0,5,03:54:03,SchedBackfill;StartReceived
1012,5931,test_user13-g3CM,5,2025-08-01T19:39:15,2025-08-02T00:25:17,2025-08-02T00:30:37,TIMEOUT,86400,320,normal,0,3,04:46:02,SchedBackfill;StartReceived
1004,5932,test_user5-m2AW,5,2025-08-01T19:39:17,2025-08-02T00:30:41,2025-08-02T00:32:51,COMPLETED,86400,130,normal,0,6,04:51:24,SchedMain;StartReceived
1011,5933,test_user12-w5Es,9,2025-08-01T19:39:26,2025-08-02T00:31:36,2025-08-02T00:37:45,COMPLETED,86400,369,normal,0,2,04:52:10,SchedMain;StartReceived
1008,5934,test_user9-H1fS,10,2025-08-01T19:39:40,2025-08-01T19:49:49,2025-08-01T20:00:07,TIMEOUT,172800,618,high,0,10,00:10:09,SchedMain;StartReceived
1005,5935,test_user6-WZtn,5,2025-08-01T19:39:55,2025-08-02T00:34:32,2025-08-02T00:38:55,COMPLETED,86400,263,normal,0,5,04:54:37,SchedMain;StartReceived
1006,5936,test_user7-0rPx,9,2025-08-01T19:40:08,2025-08-02T00:35:10,2025-08-02T00:43:23,COMPLETED,86400,493,normal,0,8,04:55:02,SchedMain;StartReceived
1002,5937,test_user3-KryG,4,2025-08-01T19:40:11,2025-08-02T00:36:23,2025-08-02T00:40:25,TIMEOUT,86400,242,normal,0,4,04:56:12,SchedMain;StartReceived
1003,5938,test_user4-kPkk,5,2025-08-01T19:40:22,2025-08-02T00:40:25,2025-08-02T00:45:37,TIMEOUT,86400,312,normal,0,9,05:00:03,SchedMain;StartReceived
1011,5939,test_user12-fU89,9,2025-08-01T19:40:34,2025-08-02T00:43:23,2025-08-02T00:48:26,COMPLETED,86400,303,normal,0,7,05:02:49,SchedMain;StartReceived
1001,5940,test_user2-hbLS,7,2025-08-01T19:40:37,2025-08-02T00:45:40,2025-08-02T00:48:48,COMPLETED,86400,188,normal,0,10,05:05:03,SchedMain;StartReceived
1019,5941,test_user20-6E0h,6,2025-08-01T19:40:41,2025-08-02T00:48:26,2025-08-02T00:51:28,COMPLETED,86400,182,normal,0,9,05:07:45,SchedMain;StartReceived
1013,5942,test_user14-yBaG,3,2025-08-01T19:40:56,2025-08-01T22:29:14,2025-08-01T22:32:15,TIMEOUT,86400,181,normal,0,2,02:48:18,SchedBackfill;StartReceived
1000,5943,test_user1-Bgg6,5,2025-08-01T19:41:00,2025-08-02T00:48:48,2025-08-02T00:50:52,COMPLETED,86400,124,normal,0,5,05:07:48,SchedMain;StartReceived
1017,5944,test_user18-kK4J,1,2025-08-01T19:41:01,2025-08-02T00:51:28,2025-08-02T00:52:37,TIMEOUT,86400,69,normal,0,8,05:10:27,SchedMain;StartReceived
1012,5945,test_user13-8Oyk,2,2025-08-01T19:41:06,2025-08-02T00:52:35,2025-08-02T00:54:37,TIMEOUT,86400,122,normal,0,8,05:11:29,SchedMain;StartReceived
1018,5946,test_user19-JqDk,3,2025-08-01T19:41:08,2025-08-02T00:49:17,2025-08-02T00:52:35,TIMEOUT,86400,198,normal,0,6,05:08:09,SchedBackfill;StartReceived
1004,5947,test_user5-RyoS,4,2025-08-01T19:41:26,2025-08-02T00:51:48,2025-08-02T00:55:15,COMPLETED,86400,207,normal,0,4,05:10:22,SchedBackfill;StartReceived
1007,5948,test_user8-spLF,9,2025-08-01T19:42:00,2025-08-02T00:52:41,2025-08-02T00:58:07,COMPLETED,86400,326,normal,0,5,05:10:41,SchedMain;StartReceived
1014,5949,test_user15-8M6K,3,2025-08-01T19:42:18,2025-08-02T00:19:17,2025-08-02T00:22:37,TIMEOUT,86400,200,normal,0,3,04:36:59,SchedBackfill;StartReceived
1009,5950,test_user10-iX2I,10,2025-08-01T19:42:21,2025-08-02T00:54:41,2025-08-02T01:00:12,COMPLETED,86400,331,normal,0,7,05:12:20,SchedMain;StartReceived
1016,5951,test_user17-BUTs,1,2025-08-01T19:42:21,2025-08-01T21:51:43,2025-08-01T21:53:07,TIMEOUT,86400,84,normal,0,4,02:09:22,SchedBackfill;StartReceived
1003,5952,test_user4-KpM8,1,2025-08-01T19:42:34,2025-08-02T00:58:07,2025-08-02T00:59:07,TIMEOUT,86400,60,normal,0,9,05:15:33,SchedMain;StartReceived
1013,5953,test_user14-ZnRh,8,2025-08-01T19:43:13,2025-08-02T00:59:10,2025-08-02T01:07:01,COMPLETED,86400,471,normal,0,7,05:15:57,SchedMain;StartReceived
1008,5954,test_user9-L0GX,10,2025-08-01T19:43:14,2025-08-02T01:00:12,2025-08-02T01:09:47,COMPLETED,86400,575,normal,0,6,05:16:58,SchedMain;StartReceived
1010,5955,test_user11-Jv5I,7,2025-08-01T19:43:14,2025-08-02T01:07:01,2025-08-02T01:12:55,COMPLETED,86400,354,normal,0,10,05:23:47,SchedMain;StartReceived
1002,5956,test_user3-SLAu,2,2025-08-01T19:43:15,2025-08-02T00:55:18,2025-08-02T00:57:37,TIMEOUT,86400,139,normal,0,5,05:12:03,SchedBackfill;StartReceived
1004,5957,test_user5-JyaS,4,2025-08-01T19:43:43,2025-08-02T01:09:47,2025-08-02T01:12:49,COMPLETED,86400,182,normal,0,8,05:26:04,SchedMain;StartReceived
1015,5958,test_user16-S6fF,4,2025-08-01T19:43:44,2025-08-02T00:43:47,2025-08-02T00:47:09,COMPLETED,86400,202,normal,0,3,05:00:03,SchedBackfill;StartReceived
1007,5959,test_user8-yxjQ,6,2025-08-01T19:43:47,2025-08-02T01:12:55,2025-08-02T01:19:07,TIMEOUT,86400,372,normal,0,10,05:29:08,SchedMain;StartReceived
1018,5960,test_user19-qJdd,9,2025-08-01T19:43:57,2025-08-02T00:57:48,2025-08-02T00:59:53,COMPLETED,86400,125,normal,0,3,05:13:51,SchedBackfill;StartReceived
1005,5961,test_user6-9PmW,4,2025-08-01T19:44:04,2025-08-02T01:00:18,2025-08-02T01:02:27,COMPLETED,86400,129,normal,0,4,05:16:14,SchedBackfill;StartReceived
1006,5962,test_user7-3zvl,4,2025-08-01T19:44:07,2025-08-02T01:12:55,2025-08-02T01:15:53,COMPLETED,86400,178,normal,0,8,05:28:48,SchedMain;StartReceived
1019,5963,test_user20-HCqp,7,2025-08-01T19:44:31,2025-08-01T22:49:45,2025-08-01T22:51:51,COMPLETED,86400,126,normal,0,1,03:05:14,SchedBackfill;StartReceived
1013,5965,test_user14-xWHa,8,2025-08-01T19:45:11,2025-08-02T01:15:53,2025-08-02T01:24:07,TIMEOUT,86400,494,normal,0,8,05:30:42,SchedMain;StartReceived
1017,5966,test_user18-u5xx,5,2025-08-01T19:45:11,2025-08-02T01:19:10,2025-08-02T01:21:45,COMPLETED,86400,155,normal,0,7,05:33:59,SchedMain;StartReceived
1007,5967,test_user8-Vcts,1,2025-08-01T19:45:21,2025-08-01T19:57:07,2025-08-01T19:58:07,TIMEOUT,86400,60,normal,0,2,00:11:46,SchedBackfill;StartReceived
1011,5968,test_user12-hDSM,7,2025-08-01T19:45:22,2025-08-02T01:21:45,2025-08-02T01:25:26,COMPLETED,86400,221,normal,0,9,05:36:23,SchedMain;StartReceived
1012,5969,test_user13-62Ba,6,2025-08-01T19:45:26,2025-08-02T01:24:10,2025-08-02T01:30:15,TIMEOUT,86400,365,normal,0,6,05:38:44,SchedMain;StartReceived
1015,5970,test_user16-ak9o,8,2025-08-01T19:45:28,2025-08-02T01:25:27,2025-08-02T01:33:30,TIMEOUT,86400,483,normal,0,6,05:39:59,SchedMain;StartReceived
1009,5971,test_user10-Rkyk,5,2025-08-01T19:45:44,2025-08-02T01:02:48,2025-08-02T01:07:39,COMPLETED,86400,291,normal,0,3,05:17:04,SchedBackfill;StartReceived
1003,5972,test_user4-RqAu,7,2025-08-01T19:45:46,2025-08-02T01:26:40,2025-08-02T01:33:09,COMPLETED,86400,389,normal,0,8,05:40:54,SchedMain;StartReceived
1000,5973,test_user1-Obva,8,2025-08-01T19:45:51,2025-08-02T01:30:15,2025-08-02T01:33:53,COMPLETED,86400,218,normal,0,5,05:44:24,SchedMain;StartReceived
1018,5974,test_user19-cQCf,5,2025-08-01T19:45:54,2025-08-02T01:33:09,2025-08-02T01:36:36,COMPLETED,86400,207,normal,0,7,05:47:15,SchedMain;StartReceived
1010,5975,test_user11-S7cH,5,2025-08-01T19:46:16,2025-08-02T01:33:30,2025-08-02T01:37:25,COMPLETED,86400,235,normal,0,4,05:47:14,SchedMain;StartReceived
1014,5976,test_user15-RjJN,1,2025-08-01T19:46:27,2025-08-01T19:47:06,2025-08-01T19:48:06,TIMEOUT,172800,60,high,0,2,00:00:39,SchedBackfill;StartReceived
1005,5977,test_user6-Tjwc,4,2025-08-01T19:46:27,2025-08-01T22:45:45,2025-08-01T22:49:09,COMPLETED,86400,204,normal,0,2,02:59:18,SchedBackfill;StartReceived
1013,5978,test_user14-i2kB,5,2025-08-01T19:46:36,2025-08-02T01:37:25,2025-08-02T01:42:30,TIMEOUT,86400,305,normal,0,10,05:50:49,SchedMain;StartReceived
1006,5707,test_user7-BhDK,10,2025-08-01T19:46:40,2025-08-01T23:29:46,2025-08-01T23:35:26,COMPLETED,86400,340,normal,1,1,03:41:05,SchedBackfill;StartReceived
1001,5964,test_user2-18rJ,3,2025-08-01T19:46:40,2025-08-01T20:34:09,2025-08-01T20:36:38,COMPLETED,86400,149,normal,1,1,00:45:28,SchedBackfill;StartReceived
1016,5979,test_user17-gCeT,3,2025-08-01T19:46:47,2025-08-02T00:31:47,2025-08-02T00:35:05,TIMEOUT,86400,198,normal,0,3,04:45:00,SchedBackfill;StartReceived
1015,5980,test_user16-UJBF,2,2025-08-01T19:47:09,2025-08-01T22:23:14,2025-08-01T22:25:19,TIMEOUT,86400,125,normal,0,4,02:36:05,SchedBackfill;StartReceived
1009,5981,test_user10-Jb5j,1,2025-08-01T19:47:33,2025-08-01T22:36:14,2025-08-01T22:37:37,TIMEOUT,86400,83,normal,0,4,02:48:41,SchedBackfill;StartReceived
1003,5982,test_user4-KMou,6,2025-08-01T19:47:38,2025-08-02T01:34:18,2025-08-02T01:37:07,COMPLETED,86400,169,normal,0,3,05:46:40,SchedBackfill;StartReceived
1002,5983,test_user3-lGen,5,2025-08-01T19:47:50,2025-08-02T01:38:11,2025-08-02T01:43:23,TIMEOUT,86400,312,normal,0,8,05:50:21,SchedMain;StartReceived
1019,5984,test_user20-FQdB,2,2025-08-01T19:47:52,2025-08-02T01:42:30,2025-08-02T01:44:37,TIMEOUT,86400,127,normal,0,8,05:54:38,SchedMain;StartReceived
1008,5985,test_user9-7Qxg,8,2025-08-01T19:47:53,2025-08-01T23:10:45,2025-08-01T23:17:15,COMPLETED,86400,390,normal,0,1,03:22:52,SchedBackfill;StartReceived
1011,5986,test_user12-I30U,5,2025-08-01T19:47:56,2025-08-02T01:43:23,2025-08-02T01:48:37,TIMEOUT,86400,314,normal,0,8,05:55:27,SchedMain;StartReceived
1014,5987,test_user15-D2Gu,1,2025-08-01T19:48:05,2025-08-02T01:36:48,2025-08-02T01:38:07,TIMEOUT,86400,79,normal,0,7,05:48:43,SchedBackfill;StartReceived
1006,5988,test_user7-jpAw,6,2025-08-01T19:48:05,2025-08-01T23:19:46,2025-08-01T23:25:06,COMPLETED,86400,320,normal,0,1,03:31:41,SchedBackfill;StartReceived
1004,5989,test_user5-P5hk,6,2025-08-01T19:48:21,2025-08-02T01:44:40,2025-08-02T01:49:02,COMPLETED,86400,262,normal,0,7,05:56:19,SchedMain;StartReceived
1012,5990,test_user13-QtuS,10,2025-08-01T19:48:26,2025-08-02T01:48:41,2025-08-02T01:52:42,COMPLETED,86400,241,normal,0,10,06:00:15,SchedMain;StartReceived
1000,5991,test_user1-v89V,8,2025-08-01T19:48:39,2025-08-02T01:49:02,2025-08-02T01:52:48,COMPLETED,86400,226,normal,0,8,06:00:23,SchedMain;StartReceived
1007,5992,test_user8-do0H,9,2025-08-01T19:48:44,2025-08-02T01:07:48,2025-08-02T01:16:33,COMPLETED,86400,525,normal,0,2,05:19:04,SchedBackfill;StartReceived
1001,5993,test_user2-A9mO,4,2025-08-01T19:48:49,2025-08-02T01:52:42,2025-08-02T01:55:32,COMPLETED,86400,170,normal,0,5,06:03:53,SchedMain;StartReceived
1016,5994,test_user17-t91f,5,2025-08-01T19:49:01,2025-08-02T01:52:48,2025-08-02T01:55:30,COMPLETED,86400,162,normal,0,9,06:03:47,SchedMain;StartReceived
1017,5995,test_user18-8oZ4,9,2025-08-01T19:49:12,2025-08-02T01:55:31,2025-08-02T01:57:42,COMPLETED,86400,131,normal,0,7,06:06:19,SchedMain;StartReceived
1019,5996,test_user20-VIQR,7,2025-08-01T19:49:18,2025-08-02T01:55:32,2025-08-02T02:00:13,COMPLETED,86400,281,normal,0,10,06:06:14,SchedMain;StartReceived
1002,5997,test_user3-fDLK,1,2025-08-01T19:49:22,2025-08-01T21:00:10,2025-08-01T21:01:37,TIMEOUT,86400,87,normal,0,2,01:10:48,SchedBackfill;StartReceived
1018,5998,test_user19-rMHZ,1,2025-08-01T19:49:32,2025-08-02T01:57:42,2025-08-02T01:59:07,TIMEOUT,86400,85,normal,0,7,06:08:10,SchedMain;StartReceived
1014,5999,test_user15-Ms69,8,2025-08-01T19:49:51,2025-08-02T01:37:18,2025-08-02T01:43:35,COMPLETED,86400,377,normal,0,2,05:47:27,SchedBackfill;StartReceived
1001,6000,test_user2-K3ce,9,2025-08-01T19:50:37,2025-08-02T01:59:10,2025-08-02T02:07:51,COMPLETED,86400,521,normal,0,5,06:08:33,SchedMain;StartReceived
1000,6001,test_user1-Oqtj,1,2025-08-01T19:50:44,2025-08-01T23:43:46,2025-08-01T23:45:07,TIMEOUT,86400,81,normal,0,4,03:53:02,SchedBackfill;StartReceived
1003,6002,test_user4-NgFv,2,2025-08-01T19:50:45,2025-08-02T01:19:18,2025-08-02T01:21:37,TIMEOUT,86400,139,normal,0,5,05:28:33,SchedBackfill;StartReceived
1005,6003,test_user6-Zpsy,9,2025-08-01T19:51:01,2025-08-02T02:00:14,2025-08-02T02:03:14,COMPLETED,86400,180,normal,0,7,06:09:13,SchedMain;StartReceived
1010,6004,test_user11-IH7J,4,2025-08-01T19:51:13,2025-08-02T01:33:48,2025-08-02T01:37:13,COMPLETED,86400,205,normal,0,4,05:42:35,SchedBackfill;StartReceived
1011,6005,test_user12-dR7h,4,2025-08-01T19:51:16,2025-08-01T21:22:11,2025-08-01T21:26:34,TIMEOUT,86400,263,normal,0,1,01:30:55,SchedBackfill;StartReceived
1015,6006,test_user16-03Se,8,2025-08-01T19:51:20,2025-08-02T02:04:41,2025-08-02T02:06:44,COMPLETED,86400,123,normal,0,10,06:13:21,SchedMain;StartReceived
1009,6007,test_user10-ZJ0n,7,2025-08-01T19:51:47,2025-08-01T19:55:36,2025-08-01T19:58:43,COMPLETED,172800,187,high,0,8,00:03:49,SchedMain;StartReceived
1007,6008,test_user8-GFUZ,6,2025-08-01T19:51:52,2025-08-02T02:00:18,2025-08-02T02:04:41,COMPLETED,86400,263,normal,0,6,06:08:26,SchedBackfill;StartReceived
1019,6009,test_user20-9bY6,8,2025-08-01T19:51:59,2025-08-01T19:58:43,2025-08-01T20:03:47,COMPLETED,172800,304,high,0,4,00:06:44,SchedMain;StartReceived
1006,6010,test_user7-1iBV,5,2025-08-01T19:51:59,2025-08-02T02:06:44,2025-08-02T02:11:48,TIMEOUT,86400,304,normal,0,10,06:14:45,SchedMain;StartReceived
1008,6011,test_user9-Z4JC,5,2025-08-01T19:52:01,2025-08-02T02:07:51,2025-08-02T02:13:07,TIMEOUT,86400,316,normal,0,9,06:15:50,SchedMain;StartReceived
1012,6012,test_user13-TKk9,5,2025-08-01T19:52:12,2025-08-01T19:58:43,2025-08-01T20:03:23,COMPLETED,172800,280,high,0,4,00:06:31,SchedMain;StartReceived
1004,6013,test_user5-Uizr,6,2025-08-01T19:52:29,2025-08-01T20:00:10,2025-08-01T20:03:21,COMPLETED,172800,191,high,0,7,00:07:41,SchedMain;StartReceived
1002,6014,test_user3-DBkG,1,2025-08-01T19:52:39,2025-08-02T02:03:18,2025-08-02T02:04:37,TIMEOUT,86400,79,normal,0,8,06:10:39,SchedBackfill;StartReceived
1017,6015,test_user18-yVLv,6,2025-08-01T19:52:55,2025-08-02T02:11:48,2025-08-02T02:15:04,COMPLETED,86400,196,normal,0,4,06:18:53,SchedMain;StartReceived
1016,6016,test_user17-OuBf,6,2025-08-01T19:52:57,2025-08-02T02:13:11,2025-08-02T02:15:34,COMPLETED,86400,143,normal,0,8,06:20:14,SchedMain;StartReceived
1003,6017,test_user4-jMEN,1,2025-08-01T19:53:02,2025-08-01T21:05:41,2025-08-01T21:07:07,TIMEOUT,86400,86,normal,0,2,01:12:39,SchedBackfill;StartReceived
1011,6018,test_user12-w7OF,1,2025-08-01T19:53:23,2025-08-02T02:13:11,2025-08-02T02:14:37,TIMEOUT,86400,86,normal,0,7,06:19:48,SchedMain;StartReceived
1018,6019,test_user19-lKx6,2,2025-08-01T19:54:08,2025-08-01T20:06:37,2025-08-01T20:08:37,TIMEOUT,86400,120,normal,0,1,00:12:29,SchedBackfill;StartReceived
1005,6020,test_user6-yHWI,9,2025-08-01T19:54:13,2025-08-02T02:15:34,2025-08-02T02:19:55,COMPLETED,86400,261,normal,0,9,06:21:21,SchedMain;StartReceived
1004,6021,test_user5-fDuG,4,2025-08-01T19:54:21,2025-08-02T02:16:11,2025-08-02T02:20:37,TIMEOUT,86400,266,normal,0,9,06:21:50,SchedMain;StartReceived
1015,6022,test_user16-wxRN,2,2025-08-01T19:54:28,2025-08-02T02:19:55,2025-08-02T02:22:07,TIMEOUT,86400,132,normal,0,9,06:25:27,SchedMain;StartReceived
1014,6023,test_user15-RGYD,9,2025-08-01T19:54:29,2025-08-01T20:00:10,2025-08-01T20:09:35,TIMEOUT,172800,565,high,0,4,00:05:41,SchedMain;StartReceived
1006,6024,test_user7-qiFT,10,2025-08-01T19:54:37,2025-08-02T02:20:40,2025-08-02T02:23:45,COMPLETED,86400,185,normal,0,5,06:26:03,SchedMain;StartReceived
1009,6025,test_user10-T2ru,10,2025-08-01T19:54:43,2025-08-01T19:59:07,2025-08-01T20:01:52,COMPLETED,172800,165,high,0,1,00:04:24,SchedBackfill;StartReceived
1000,6026,test_user1-dSOx,4,2025-08-01T19:54:52,2025-08-02T02:20:40,2025-08-02T02:25:07,TIMEOUT,86400,267,normal,0,6,06:25:48,SchedMain;StartReceived
1002,6027,test_user3-SZBe,2,2025-08-01T19:54:59,2025-08-01T21:41:42,2025-08-01T21:44:07,TIMEOUT,86400,145,normal,0,2,01:46:43,SchedBackfill;StartReceived
1007,6028,test_user8-fvhb,1,2025-08-01T19:55:09,2025-08-02T00:14:47,2025-08-02T00:16:08,TIMEOUT,86400,81,normal,0,6,04:19:38,SchedBackfill;StartReceived
1001,6029,test_user2-lI6B,6,2025-08-01T19:55:13,2025-08-02T02:22:11,2025-08-02T02:26:27,COMPLETED,86400,256,normal,0,7,06:26:58,SchedMain;StartReceived
1010,6030,test_user11-OZOK,7,2025-08-01T19:55:17,2025-08-02T02:23:45,2025-08-02T02:28:30,COMPLETED,86400,285,normal,0,7,06:28:28,SchedMain;StartReceived
1011,6031,test_user12-zvFg,1,2025-08-01T19:55:26,2025-08-02T02:14:48,2025-08-02T02:16:08,TIMEOUT,86400,80,normal,0,8,06:19:22,SchedBackfill;StartReceived
1019,6032,test_user20-uvGu,6,2025-08-01T19:55:28,2025-08-02T02:25:10,2025-08-02T02:29:32,COMPLETED,86400,262,normal,0,4,06:29:42,SchedMain;StartReceived
1016,6033,test_user17-WAMK,4,2025-08-01T19:55:29,2025-08-01T22:51:45,2025-08-01T22:56:07,TIMEOUT,86400,262,normal,0,1,02:56:16,SchedBackfill;StartReceived
1009,6034,test_user10-TbBB,4,2025-08-01T19:55:46,2025-08-02T01:43:48,2025-08-02T01:46:37,COMPLETED,86400,169,normal,0,4,05:48:02,SchedBackfill;StartReceived
1005,6035,test_user6-duDM,2,2025-08-01T19:56:05,2025-08-01T20:41:09,2025-08-01T20:43:31,TIMEOUT,86400,142,normal,0,1,00:45:04,SchedBackfill;StartReceived
1012,6036,test_user13-NtqR,8,2025-08-01T19:56:12,2025-08-01T20:03:21,2025-08-01T20:10:24,COMPLETED,172800,423,high,0,3,00:07:09,SchedMain;StartReceived
1008,6037,test_user9-NCTD,2,2025-08-01T19:56:13,2025-08-02T02:26:27,2025-08-02T02:28:37,TIMEOUT,86400,130,normal,0,9,06:30:14,SchedMain;StartReceived
1003,6038,test_user4-hUzT,2,2025-08-01T19:56:33,2025-08-02T02:28:30,2025-08-02T02:30:33,TIMEOUT,86400,123,normal,0,7,06:31:56,SchedMain;StartReceived
1014,6039,test_user15-rjO9,2,2025-08-01T19:56:57,2025-08-02T02:30:33,2025-08-02T02:32:37,TIMEOUT,86400,124,normal,0,10,06:33:36,SchedMain;StartReceived
1001,6040,test_user2-JalW,6,2025-08-01T19:57:01,2025-08-01T23:39:46,2025-08-01T23:46:07,TIMEOUT,86400,381,normal,0,1,03:42:45,SchedBackfill;StartReceived
1005,6041,test_user6-KIVV,8,2025-08-01T19:57:10,2025-08-01T20:02:07,2025-08-01T20:05:03,COMPLETED,172800,176,high,0,1,00:04:57,SchedBackfill;StartReceived
1017,6042,test_user18-KhMf,5,2025-08-01T19:57:10,2025-08-01T20:03:21,2025-08-01T20:08:26,TIMEOUT,172800,305,high,0,2,00:06:11,SchedMain;StartReceived
1006,6043,test_user7-9SNf,6,2025-08-01T19:57:12,2025-08-02T02:30:54,2025-08-02T02:36:38,COMPLETED,86400,344,normal,0,9,06:33:42,SchedMain;StartReceived
1010,6044,test_user11-uYjI,9,2025-08-01T19:57:12,2025-08-02T02:32:40,2025-08-02T02:42:07,TIMEOUT,86400,567,normal,0,7,06:35:28,SchedMain;StartReceived
1004,6045,test_user5-9vQw,6,2025-08-01T19:57:14,2025-08-02T02:36:38,2025-08-02T02:40:46,COMPLETED,86400,248,normal,0,7,06:39:24,SchedMain;StartReceived
1000,6046,test_user1-zhLt,6,2025-08-01T19:57:27,2025-08-02T00:59:18,2025-08-02T01:03:47,COMPLETED,86400,269,normal,0,2,05:01:51,SchedBackfill;StartReceived
1016,6047,test_user17-vMp5,8,2025-08-01T19:57:47,2025-08-02T02:36:38,2025-08-02T02:39:56,COMPLETED,86400,198,normal,0,6,06:38:51,SchedMain;StartReceived
1011,6048,test_user12-rWSU,8,2025-08-01T19:57:53,2025-08-02T01:52:48,2025-08-02T01:56:01,COMPLETED,86400,193,normal,0,3,05:54:55,SchedBackfill;StartReceived
1008,6049,test_user9-Y21m,10,2025-08-01T19:57:56,2025-08-02T02:40:46,2025-08-02T02:45:47,COMPLETED,86400,301,normal,0,8,06:42:50,SchedMain;StartReceived
1018,6050,test_user19-Z3pe,5,2025-08-01T19:58:53,2025-08-01T20:03:23,2025-08-01T20:05:29,COMPLETED,172800,126,high,0,3,00:04:30,SchedMain;StartReceived
1019,6051,test_user20-0DiU,7,2025-08-01T19:58:53,2025-08-02T02:42:10,2025-08-02T02:47:57,COMPLETED,86400,347,normal,0,6,06:43:17,SchedMain;StartReceived
1007,6052,test_user8-ZBHw,2,2025-08-01T19:58:59,2025-08-02T02:28:48,2025-08-02T02:30:54,TIMEOUT,86400,126,normal,0,6,06:29:49,SchedBackfill;StartReceived
1008,6053,test_user9-ZMKe,7,2025-08-01T19:59:10,2025-08-02T00:24:17,2025-08-02T00:26:59,COMPLETED,86400,162,normal,0,1,04:25:07,SchedBackfill;StartReceived
1014,6054,test_user15-SpyR,5,2025-08-01T19:59:16,2025-08-02T02:42:10,2025-08-02T02:44:43,COMPLETED,86400,153,normal,0,6,06:42:54,SchedMain;StartReceived
1016,6055,test_user17-yPgj,3,2025-08-01T20:00:00,2025-08-02T02:44:43,2025-08-02T02:48:08,TIMEOUT,86400,205,normal,0,6,06:44:43,SchedMain;StartReceived
1010,6056,test_user11-lSsL,8,2025-08-01T20:00:10,2025-08-02T02:45:47,2025-08-02T02:49:33,COMPLETED,86400,226,normal,0,8,06:45:37,SchedMain;StartReceived
1006,6057,test_user7-YIQS,2,2025-08-01T20:00:20,2025-08-02T01:24:18,2025-08-02T01:26:37,TIMEOUT,86400,139,normal,0,5,05:23:58,SchedBackfill;StartReceived
1007,6058,test_user8-WwVC,5,2025-08-01T20:00:21,2025-08-01T20:03:23,2025-08-01T20:08:37,TIMEOUT,172800,314,high,0,1,00:03:02,SchedMain;StartReceived
1001,6059,test_user2-JP7G,1,2025-08-01T20:00:38,2025-08-02T02:48:11,2025-08-02T02:49:37,TIMEOUT,86400,86,normal,0,7,06:47:33,SchedMain;StartReceived
1014,6060,test_user15-NDsy,10,2025-08-01T20:00:42,2025-08-02T00:55:48,2025-08-02T01:06:07,TIMEOUT,86400,619,normal,0,1,04:55:06,SchedBackfill;StartReceived
1012,6061,test_user13-Gnhp,7,2025-08-01T20:01:01,2025-08-02T02:48:11,2025-08-02T02:50:38,COMPLETED,86400,147,normal,0,5,06:47:10,SchedMain;StartReceived
1016,6062,test_user17-LvgT,1,2025-08-01T20:01:23,2025-08-01T20:07:37,2025-08-01T20:08:37,TIMEOUT,86400,60,normal,0,1,00:06:14,SchedBackfill;StartReceived
1019,6063,test_user20-3YjE,6,2025-08-01T20:01:29,2025-08-01T23:39:46,2025-08-01T23:45:03,COMPLETED,86400,317,normal,0,1,03:38:17,SchedBackfill;StartReceived
1014,6064,test_user15-6od5,9,2025-08-01T20:01:44,2025-08-02T02:49:41,2025-08-02T02:57:33,COMPLETED,86400,472,normal,0,10,06:47:57,SchedMain;StartReceived
1017,6065,test_user18-nNiE,7,2025-08-01T20:01:49,2025-08-02T02:53:50,2025-08-02T02:58:18,COMPLETED,86400,268,normal,0,8,06:52:01,SchedMain;StartReceived
1008,6066,test_user9-tnMy,4,2025-08-01T20:02:27,2025-08-02T02:57:33,2025-08-02T03:01:29,COMPLETED,86400,236,normal,0,6,06:55:06,SchedMain;StartReceived
1018,6067,test_user19-RQSm,9,2025-08-01T20:02:30,2025-08-02T02:58:18,2025-08-02T03:00:39,COMPLETED,86400,141,normal,0,10,06:55:48,SchedMain;StartReceived
1011,6068,test_user12-oTJT,2,2025-08-01T20:02:38,2025-08-02T03:00:39,2025-08-02T03:03:07,TIMEOUT,86400,148,normal,0,9,06:58:01,SchedMain;StartReceived
1012,6069,test_user13-ZPH9,1,2025-08-01T20:03:06,2025-08-02T03:01:29,2025-08-02T03:02:37,TIMEOUT,86400,68,normal,0,9,06:58:23,SchedMain;StartReceived
1006,6070,test_user7-7nRl,4,2025-08-01T20:03:16,2025-08-02T03:02:41,2025-08-02T03:06:50,TIMEOUT,86400,249,normal,0,10,06:59:25,SchedMain;StartReceived
1010,6071,test_user11-ve2s,7,2025-08-01T20:03:39,2025-08-02T03:03:10,2025-08-02T03:08:24,COMPLETED,86400,314,normal,0,9,06:59:31,SchedMain;StartReceived
1018,6072,test_user19-osID,3,2025-08-01T20:04:05,2025-08-02T03:06:50,2025-08-02T03:10:08,TIMEOUT,86400,198,normal,0,7,07:02:45,SchedMain;StartReceived
1016,6073,test_user17-hNRr,5,2025-08-01T20:04:43,2025-08-02T03:08:24,2025-08-02T03:11:42,COMPLETED,86400,198,normal,0,6,07:03:41,SchedMain;StartReceived
1007,6074,test_user8-ar8L,4,2025-08-01T20:04:44,2025-08-02T02:49:49,2025-08-02T02:53:50,TIMEOUT,86400,241,normal,0,5,06:45:05,SchedBackfill;StartReceived
1017,6075,test_user18-LzPQ,9,2025-08-01T20:04:57,2025-08-02T03:07:19,2025-08-02T03:12:55,COMPLETED,86400,336,normal,0,4,07:02:22,SchedBackfill;StartReceived
1006,6076,test_user7-bfdb,10,2025-08-01T20:05:43,2025-08-02T03:10:12,2025-08-02T03:20:08,COMPLETED,86400,596,normal,0,4,07:04:29,SchedMain;StartReceived
1008,6077,test_user9-zUnz,3,2025-08-01T20:06:02,2025-08-02T03:11:42,2025-08-02T03:14:20,COMPLETED,86400,158,normal,0,10,07:05:39,SchedMain;StartReceived
1011,6078,test_user12-bSSH,9,2025-08-01T20:07:14,2025-08-02T03:12:55,2025-08-02T03:15:59,COMPLETED,86400,184,normal,0,4,07:05:41,SchedMain;StartReceived
1018,6079,test_user19-6NR7,7,2025-08-01T20:08:19,2025-08-02T03:14:20,2025-08-02T03:19:22,COMPLETED,86400,302,normal,0,4,07:06:01,SchedMain;StartReceived
1017,6080,test_user18-Zpy9,10,2025-08-01T20:08:20,2025-08-02T03:14:20,2025-08-02T03:24:11,COMPLETED,86400,591,normal,0,5,07:06:00,SchedMain;StartReceived
1017,6081,test_user18-lKEo,7,2025-08-01T20:10:41,2025-08-02T03:14:20,2025-08-02T03:20:42,COMPLETED,86400,382,normal,0,3,07:03:39,SchedMain;StartReceived
